Unit,Events,Date,Landmark
KUM480,Ignition ON,Sep 28 2024 11:32 AM,
KUM480,Ignition ON,Sep 28 2024 09:51 AM,
KUM480,Ignition ON,Sep 28 2024 09:09 AM,
KUM480,Ignition ON,Sep 28 2024 09:01 AM,
KUM480,Ignition ON,Sep 28 2024 08:52 AM,
KUM480,Ignition ON,Sep 28 2024 08:48 AM,
KUM480,Landmark OUT,Sep 28 2024 08:31 AM,Taller de Fundición Colombia LTDA.
KUM480,Landmark IN,Sep 28 2024 08:29 AM,Taller de Fundición Colombia LTDA.
KUM480,Ignition ON,Sep 28 2024 08:13 AM,
KUM480,Ignition ON,Sep 28 2024 08:01 AM,
KUM480,Landmark OUT,Sep 28 2024 08:01 AM,LEONEL COCOMA HENOC
KUM480,Ignition ON,Sep 28 2024 07:57 AM,LEONEL COCOMA HENOC
KUM480,Landmark IN,Sep 28 2024 07:45 AM,LEONEL COCOMA HENOC
KUM480,Landmark OUT,Sep 28 2024 07:16 AM,parq. Valle del Lili
KUM480,POWER UP,Sep 28 2024 07:15 AM,parq. Valle del Lili
KUM480,Ignition ON,Sep 28 2024 07:15 AM,parq. Valle del Lili
KUM480,Landmark IN,Sep 27 2024 06:32 PM,parq. Valle del Lili
KUM480,Landmark OUT,Sep 27 2024 05:36 PM,MORALES VICTORIA EUGENIA CALI
KUM480,Ignition ON,Sep 27 2024 05:28 PM,MORALES VICTORIA EUGENIA CALI
KUM480,Landmark IN,Sep 27 2024 05:16 PM,MORALES VICTORIA EUGENIA CALI
KUM480,Geofence OUT,Sep 27 2024 04:58 PM,Ruta 4 Brenntag Yumbo
KUM480,Landmark OUT,Sep 27 2024 04:58 PM,LAVANDERIA IND SURTEÑIR S.A.
KUM480,Ignition ON,Sep 27 2024 04:52 PM,LAVANDERIA IND SURTEÑIR S.A.
KUM480,Ignition ON,Sep 27 2024 04:40 PM,LAVANDERIA IND SURTEÑIR S.A.
KUM480,Landmark IN,Sep 27 2024 04:37 PM,LAVANDERIA IND SURTEÑIR S.A.
KUM480,Landmark OUT,Sep 27 2024 04:28 PM,Quimicol Ltda
KUM480,Landmark IN,Sep 27 2024 04:26 PM,Quimicol Ltda
KUM480,Ignition ON,Sep 27 2024 04:14 PM,
KUM480,Ignition ON,Sep 27 2024 03:41 PM,
KUM480,Ignition ON,Sep 27 2024 03:40 PM,
KUM480,Landmark OUT,Sep 27 2024 03:29 PM,BSN MEDICAL LTDA
KUM480,Landmark IN,Sep 27 2024 03:27 PM,BSN MEDICAL LTDA
KUM480,Landmark OUT,Sep 27 2024 03:24 PM,Brenntag Yumbo
KUM480,Geofence OUT,Sep 27 2024 03:22 PM,Br Yumbo Z Parqueo
KUM480,Ignition ON,Sep 27 2024 03:22 PM,Brenntag Yumbo
KUM480,Geofence OUT,Sep 27 2024 02:47 PM,Br Yumbo Z Cargue
KUM480,Geofence IN,Sep 27 2024 02:47 PM,Br Yumbo Z Parqueo
KUM480,Geofence OUT,Sep 27 2024 02:47 PM,ingreso y salida de  brentag 
KUM480,Ignition ON,Sep 27 2024 02:46 PM,Brenntag Yumbo
KUM480,Ignition ON,Sep 27 2024 02:42 PM,Brenntag Yumbo
KUM480,Ignition ON,Sep 27 2024 01:50 PM,Brenntag Yumbo
KUM480,Geofence IN,Sep 27 2024 01:50 PM,Br Yumbo Z Cargue
KUM480,Geofence OUT,Sep 27 2024 01:50 PM,Br Yumbo Z Parqueo
KUM480,Geofence IN,Sep 27 2024 01:50 PM,ingreso y salida de  brentag 
KUM480,Ignition ON,Sep 27 2024 01:46 PM,Brenntag Yumbo
KUM480,Geofence IN,Sep 27 2024 01:21 PM,Br Yumbo Z Parqueo
KUM480,Landmark IN,Sep 27 2024 01:21 PM,Brenntag Yumbo
KUM480,Landmark OUT,Sep 27 2024 01:19 PM,Quimicol Ltda
KUM480,Landmark IN,Sep 27 2024 01:17 PM,Quimicol Ltda
KUM480,Geofence IN,Sep 27 2024 01:13 PM,Ruta 4 Brenntag Yumbo
KUM480,Landmark OUT,Sep 27 2024 12:29 PM,parq. Valle del Lili
KUM480,POWER UP,Sep 27 2024 12:29 PM,parq. Valle del Lili
KUM480,Ignition ON,Sep 27 2024 12:29 PM,parq. Valle del Lili
KUM480,Landmark IN,Sep 27 2024 11:20 AM,parq. Valle del Lili
KUM480,Landmark OUT,Sep 27 2024 11:03 AM,Impadoc S.A.S.
KUM480,Ignition ON,Sep 27 2024 11:01 AM,Impadoc S.A.S.
KUM480,Landmark IN,Sep 27 2024 10:59 AM,Impadoc S.A.S.
KUM480,Ignition ON,Sep 27 2024 10:59 AM,
KUM480,Ignition ON,Sep 27 2024 10:54 AM,
KUM480,Ignition ON,Sep 27 2024 10:04 AM,
KUM480,Landmark OUT,Sep 27 2024 10:02 AM,Impadoc S.A.S.
KUM480,Ignition ON,Sep 27 2024 09:56 AM,Impadoc S.A.S.
KUM480,Landmark IN,Sep 27 2024 09:51 AM,Impadoc S.A.S.
KUM480,Landmark OUT,Sep 27 2024 09:12 AM,Alquin Ltda
KUM480,Landmark IN,Sep 27 2024 09:09 AM,Alquin Ltda
KUM480,Geofence OUT,Sep 27 2024 08:42 AM,Ruta 4 Brenntag Yumbo
KUM480,Landmark OUT,Sep 27 2024 08:36 AM,Brenntag Yumbo
KUM480,Geofence OUT,Sep 27 2024 08:32 AM,Br Yumbo Z Parqueo
KUM480,Ignition ON,Sep 27 2024 08:32 AM,Brenntag Yumbo
KUM480,Geofence IN,Sep 27 2024 08:18 AM,Br Yumbo Z Parqueo
KUM480,Geofence OUT,Sep 27 2024 08:18 AM,ingreso y salida de  brentag 
KUM480,Ignition ON,Sep 27 2024 08:13 AM,Brenntag Yumbo
KUM480,Geofence IN,Sep 27 2024 06:15 AM,ingreso y salida de  brentag 
KUM480,Landmark IN,Sep 27 2024 06:15 AM,Brenntag Yumbo
KUM480,Landmark OUT,Sep 27 2024 06:07 AM,Quimicol Ltda
KUM480,Landmark IN,Sep 27 2024 06:05 AM,Quimicol Ltda
KUM480,Geofence IN,Sep 27 2024 06:03 AM,Ruta 4 Brenntag Yumbo
KUM480,Landmark IN,Sep 27 2024 06:03 AM,BSN MEDICAL LTDA
KUM480,Landmark OUT,Sep 27 2024 05:26 AM,parq. El Caney
KUM480,Landmark IN,Sep 27 2024 05:22 AM,parq. El Caney
KUM480,POWER UP,Sep 27 2024 05:21 AM,
KUM480,Ignition ON,Sep 27 2024 05:21 AM,
KUM480,Landmark OUT,Sep 26 2024 05:35 PM,Alquin Ltda
KUM480,Landmark IN,Sep 26 2024 05:33 PM,Alquin Ltda
KUM480,Geofence OUT,Sep 26 2024 04:56 PM,Ruta 4 Brenntag Yumbo
KUM480,Landmark OUT,Sep 26 2024 04:53 PM,BSN MEDICAL LTDA
KUM480,Landmark IN,Sep 26 2024 04:52 PM,BSN MEDICAL LTDA
KUM480,Landmark OUT,Sep 26 2024 04:48 PM,Industrias Lember                                 
KUM480,Ignition ON,Sep 26 2024 04:45 PM,Industrias Lember                                 
KUM480,Landmark IN,Sep 26 2024 02:20 PM,Industrias Lember                                 
KUM480,Landmark OUT,Sep 26 2024 02:17 PM,Quimicol Ltda
KUM480,Landmark IN,Sep 26 2024 02:15 PM,Quimicol Ltda
KUM480,Ignition ON,Sep 26 2024 02:11 PM,
KUM480,Landmark OUT,Sep 26 2024 01:21 PM,BSN MEDICAL LTDA
KUM480,Landmark IN,Sep 26 2024 01:20 PM,BSN MEDICAL LTDA
KUM480,Geofence OUT,Sep 26 2024 01:16 PM,Br Yumbo Z Parqueo
KUM480,Landmark OUT,Sep 26 2024 01:16 PM,Brenntag Yumbo
KUM480,Ignition ON,Sep 26 2024 01:13 PM,Brenntag Yumbo
KUM480,Geofence IN,Sep 26 2024 01:10 PM,Br Yumbo Z Parqueo
KUM480,Landmark IN,Sep 26 2024 01:10 PM,Brenntag Yumbo
KUM480,Landmark OUT,Sep 26 2024 01:08 PM,Quimicol Ltda
KUM480,Landmark IN,Sep 26 2024 01:06 PM,Quimicol Ltda
KUM480,Ignition ON,Sep 26 2024 01:02 PM,Clarenst
KUM480,Landmark IN,Sep 26 2024 12:46 PM,Ecotechs
KUM480,Ignition ON,Sep 26 2024 12:44 PM,Empaques Flexibles SA
KUM480,Landmark IN,Sep 26 2024 12:35 PM,Empaques Flexibles SA
KUM480,Ignition ON,Sep 26 2024 12:19 PM,
KUM480,Ignition ON,Sep 26 2024 11:06 AM,
KUM480,Ignition ON,Sep 26 2024 11:02 AM,
KUM480,Landmark OUT,Sep 26 2024 10:49 AM,Quimicol Ltda
KUM480,Landmark IN,Sep 26 2024 10:44 AM,Quimicol Ltda
KUM480,Landmark IN,Sep 26 2024 10:42 AM,PREMEZCLAS S.A.
KUM480,Geofence OUT,Sep 26 2024 10:40 AM,Ruta 4 Brenntag Yumbo
KUM480,Landmark OUT,Sep 26 2024 10:40 AM,Profinas S.A.S.
KUM480,Ignition ON,Sep 26 2024 10:36 AM,Profinas S.A.S.
KUM480,Landmark IN,Sep 26 2024 10:21 AM,Profinas S.A.S.
KUM480,Ignition ON,Sep 26 2024 10:19 AM,
KUM480,Landmark OUT,Sep 26 2024 09:53 AM,Industrias Lember                                 
KUM480,Landmark IN,Sep 26 2024 09:51 AM,Brenntag Yumbo
KUM480,Landmark OUT,Sep 26 2024 09:51 AM,Brenntag Yumbo
KUM480,Ignition ON,Sep 26 2024 09:51 AM,Brenntag Yumbo
KUM480,Landmark OUT,Sep 26 2024 09:30 AM,Brenntag Yumbo
KUM480,Ignition ON,Sep 26 2024 09:27 AM,Brenntag Yumbo
KUM480,Geofence OUT,Sep 26 2024 09:24 AM,Br Yumbo Z Cargue
KUM480,Geofence IN,Sep 26 2024 09:23 AM,Br Yumbo Z Cargue
KUM480,Ignition ON,Sep 26 2024 09:23 AM,Brenntag Yumbo
KUM480,Geofence OUT,Sep 26 2024 07:56 AM,Br Yumbo Z Parqueo
KUM480,Geofence IN,Sep 26 2024 07:56 AM,ingreso y salida de  brentag 
KUM480,Geofence IN,Sep 26 2024 07:52 AM,Br Yumbo Z Parqueo
KUM480,Ignition ON,Sep 26 2024 07:52 AM,Brenntag Yumbo
KUM480,Geofence OUT,Sep 26 2024 06:21 AM,EcoEnvases (reenvases)
KUM480,Landmark OUT,Sep 26 2024 06:21 AM,Reenvases
KUM480,Ignition ON,Sep 26 2024 06:19 AM,Reenvases
KUM480,Ignition ON,Sep 26 2024 06:16 AM,Reenvases
KUM480,Ignition ON,Sep 26 2024 06:11 AM,Reenvases
KUM480,Ignition ON,Sep 26 2024 06:10 AM,Reenvases
KUM480,Geofence IN,Sep 26 2024 06:02 AM,EcoEnvases (reenvases)
KUM480,Landmark IN,Sep 26 2024 06:02 AM,Reenvases
KUM480,Landmark IN,Sep 26 2024 06:00 AM,Parmalat Colombia LTDA
KUM480,Landmark OUT,Sep 26 2024 05:55 AM,Quimicol Ltda
KUM480,Landmark IN,Sep 26 2024 05:53 AM,Quimicol Ltda
KUM480,Geofence IN,Sep 26 2024 05:50 AM,Ruta 4 Brenntag Yumbo
KUM480,Landmark OUT,Sep 26 2024 05:14 AM,parq. El Caney
KUM480,POWER UP,Sep 26 2024 05:13 AM,parq. El Caney
KUM480,Ignition ON,Sep 26 2024 05:13 AM,parq. El Caney
KUM480,Landmark IN,Sep 25 2024 04:34 PM,parq. El Caney
KUM480,Ignition ON,Sep 25 2024 04:09 PM,
KUM480,Ignition ON,Sep 25 2024 03:44 PM,
KUM480,Ignition ON,Sep 25 2024 02:02 PM,
KUM480,Landmark OUT,Sep 25 2024 01:39 PM,CUARTAS RAMIREZ FABIAN
KUM480,Ignition ON,Sep 25 2024 01:35 PM,CUARTAS RAMIREZ FABIAN
KUM480,Landmark IN,Sep 25 2024 01:25 PM,CUARTAS RAMIREZ FABIAN
KUM480,Landmark OUT,Sep 25 2024 01:24 PM,Uribe Jhon Jairo Casa Quimica
KUM480,Landmark IN,Sep 25 2024 01:22 PM,Uribe Jhon Jairo Casa Quimica
KUM480,Landmark OUT,Sep 25 2024 01:10 PM, Farmacia Drogueria San Jorge LTDA
KUM480,Ignition ON,Sep 25 2024 01:09 PM, Farmacia Drogueria San Jorge LTDA
KUM480,Ignition ON,Sep 25 2024 12:37 PM, Farmacia Drogueria San Jorge LTDA
KUM480,Landmark IN,Sep 25 2024 12:34 PM, Farmacia Drogueria San Jorge LTDA
KUM480,Landmark OUT,Sep 25 2024 12:31 PM, PRODUCTOS RINCON
KUM480,Landmark IN,Sep 25 2024 12:27 PM, PRODUCTOS RINCON
KUM480,Ignition ON,Sep 25 2024 12:18 PM,
KUM480,Ignition ON,Sep 25 2024 12:13 PM,
KUM480,Landmark OUT,Sep 25 2024 12:05 PM,Alexander Chacon
KUM480,Landmark OUT,Sep 25 2024 12:02 PM,Velasquez Rodas Fabio Velquimicos 
KUM480,Landmark IN,Sep 25 2024 12:02 PM,Velasquez Rodas Fabio Velquimicos 
KUM480,Landmark OUT,Sep 25 2024 11:58 AM,Coldesivos
KUM480,Ignition ON,Sep 25 2024 11:58 AM,Coldesivos
KUM480,Landmark IN,Sep 25 2024 11:55 AM,Coldesivos
KUM480,Ignition ON,Sep 25 2024 11:54 AM,
KUM480,Landmark OUT,Sep 25 2024 11:48 AM,Coldesivos
KUM480,Ignition ON,Sep 25 2024 11:47 AM,Coldesivos
KUM480,Ignition ON,Sep 25 2024 11:45 AM,Coldesivos
KUM480,Ignition ON,Sep 25 2024 11:44 AM,Coldesivos
KUM480,Landmark IN,Sep 25 2024 11:38 AM,Coldesivos
KUM480,Landmark OUT,Sep 25 2024 11:33 AM,Industrias Yilop de Colombia S.A.S.
KUM480,Ignition ON,Sep 25 2024 11:33 AM,Industrias Yilop de Colombia S.A.S.
KUM480,Landmark IN,Sep 25 2024 11:02 AM,Industrias Yilop de Colombia S.A.S.
KUM480,Landmark OUT,Sep 25 2024 10:47 AM,Alexander Chacon
KUM480,Landmark IN,Sep 25 2024 10:47 AM,Alexander Chacon
KUM480,Geofence OUT,Sep 25 2024 10:23 AM,Ruta 4 Brenntag Yumbo
KUM480,Landmark OUT,Sep 25 2024 10:19 AM,Industrias Lember                                 
KUM480,Landmark IN,Sep 25 2024 10:16 AM,Brenntag Yumbo
KUM480,Landmark OUT,Sep 25 2024 10:16 AM,Brenntag Yumbo
KUM480,Ignition ON,Sep 25 2024 10:16 AM,Brenntag Yumbo
KUM480,Geofence OUT,Sep 25 2024 09:04 AM,Br Yumbo Z Cargue
KUM480,Geofence IN,Sep 25 2024 09:04 AM,Br Yumbo Z Parqueo
KUM480,Geofence OUT,Sep 25 2024 09:04 AM,ingreso y salida de  brentag 
KUM480,Landmark OUT,Sep 25 2024 09:04 AM,Brenntag Yumbo
KUM480,Ignition ON,Sep 25 2024 09:02 AM,Brenntag Yumbo
KUM480,Landmark IN,Sep 25 2024 09:00 AM,Brenntag Yumbo
KUM480,Geofence IN,Sep 25 2024 08:59 AM,Br Yumbo Z Cargue
KUM480,Ignition ON,Sep 25 2024 08:59 AM,
KUM480,Geofence OUT,Sep 25 2024 07:51 AM,Br Yumbo Z Cargue
KUM480,Landmark OUT,Sep 25 2024 07:51 AM,Brenntag Yumbo
KUM480,Ignition ON,Sep 25 2024 07:47 AM,Brenntag Yumbo
KUM480,Geofence IN,Sep 25 2024 07:44 AM,Br Yumbo Z Cargue
KUM480,Geofence OUT,Sep 25 2024 07:44 AM,Br Yumbo Z Parqueo
KUM480,Geofence IN,Sep 25 2024 07:44 AM,ingreso y salida de  brentag 
KUM480,Landmark IN,Sep 25 2024 07:43 AM,Brenntag Yumbo
KUM480,Ignition ON,Sep 25 2024 07:43 AM,Industrias Lember                                 
KUM480,Geofence IN,Sep 25 2024 06:25 AM,Br Yumbo Z Parqueo
KUM480,Landmark OUT,Sep 25 2024 06:25 AM,Reenvases
KUM480,Geofence OUT,Sep 25 2024 06:22 AM,EcoEnvases (reenvases)
KUM480,Landmark IN,Sep 25 2024 06:22 AM,Parmalat Colombia LTDA
KUM480,Ignition ON,Sep 25 2024 06:22 AM,Reenvases
KUM480,Ignition ON,Sep 25 2024 06:15 AM,Reenvases
KUM480,Geofence IN,Sep 25 2024 06:05 AM,EcoEnvases (reenvases)
KUM480,Landmark IN,Sep 25 2024 06:05 AM,Reenvases
KUM480,Landmark IN,Sep 25 2024 06:03 AM,Parmalat Colombia LTDA
KUM480,Landmark OUT,Sep 25 2024 05:59 AM,Quimicol Ltda
KUM480,Landmark IN,Sep 25 2024 05:57 AM,Quimicol Ltda
KUM480,Landmark OUT,Sep 25 2024 05:56 AM,BSN MEDICAL LTDA
KUM480,Geofence IN,Sep 25 2024 05:55 AM,Ruta 4 Brenntag Yumbo
KUM480,Landmark IN,Sep 25 2024 05:55 AM,BSN MEDICAL LTDA
KUM480,Landmark OUT,Sep 25 2024 05:22 AM,parq. Valle del Lili
KUM480,POWER UP,Sep 25 2024 05:17 AM,parq. Valle del Lili
KUM480,Ignition ON,Sep 25 2024 05:17 AM,parq. Valle del Lili
KUM480,Landmark IN,Sep 24 2024 02:43 PM,parq. Valle del Lili
KUM480,Landmark OUT,Sep 24 2024 02:23 PM,Plasticos Calibrados
KUM480,Landmark IN,Sep 24 2024 02:21 PM,Plasticos Calibrados
KUM480,Landmark OUT,Sep 24 2024 02:03 PM,Quimica Centauro
KUM480,Ignition ON,Sep 24 2024 02:02 PM,Quimica Centauro
KUM480,Landmark IN,Sep 24 2024 01:55 PM,Quimica Centauro
KUM480,Ignition ON,Sep 24 2024 01:49 PM,
KUM480,Ignition ON,Sep 24 2024 01:10 PM,
KUM480,Ignition ON,Sep 24 2024 12:24 PM,
KUM480,Landmark OUT,Sep 24 2024 12:01 PM,Penagos Luna Diego
KUM480,Ignition ON,Sep 24 2024 12:00 PM,Penagos Luna Diego
KUM480,Landmark IN,Sep 24 2024 11:26 AM,Penagos Luna Diego
KUM480,Landmark OUT,Sep 24 2024 11:26 AM,Alexander Chacon
KUM480,Landmark IN,Sep 24 2024 11:20 AM,Alexander Chacon
KUM480,Landmark OUT,Sep 24 2024 11:15 AM,LEMSA S.A.S.
KUM480,Ignition ON,Sep 24 2024 11:15 AM,LEMSA S.A.S.
KUM480,Landmark IN,Sep 24 2024 10:56 AM,LEMSA S.A.S.
KUM480,Landmark OUT,Sep 24 2024 10:53 AM,ColPal
KUM480,Ignition ON,Sep 24 2024 10:51 AM,Colgate Palmolive
KUM480,Ignition ON,Sep 24 2024 10:46 AM,Colgate Palmolive
KUM480,Ignition ON,Sep 24 2024 10:35 AM,Colgate Palmolive
KUM480,Landmark IN,Sep 24 2024 10:34 AM,Colgate Palmolive
KUM480,Ignition ON,Sep 24 2024 10:30 AM,Abastecimientos Plasticos
KUM480,Landmark IN,Sep 24 2024 10:10 AM,ColPal
KUM480,Landmark OUT,Sep 24 2024 09:50 AM,taller Indurremolques
KUM480,Ignition ON,Sep 24 2024 09:46 AM,taller Indurremolques
KUM480,Landmark IN,Sep 24 2024 09:30 AM,taller Indurremolques
KUM480,Landmark OUT,Sep 24 2024 09:29 AM,J&C
KUM480,Ignition ON,Sep 24 2024 09:27 AM,J&C
KUM480,Landmark IN,Sep 24 2024 09:23 AM,J&C
KUM480,Geofence OUT,Sep 24 2024 09:09 AM,Ruta 4 Brenntag Yumbo
KUM480,Geofence OUT,Sep 24 2024 09:02 AM,Br Yumbo Z Cargue
KUM480,Geofence OUT,Sep 24 2024 09:02 AM,ingreso y salida de  brentag 
KUM480,Landmark OUT,Sep 24 2024 09:02 AM,Brenntag Yumbo
KUM480,Geofence IN,Sep 24 2024 08:58 AM,Br Yumbo Z Cargue
KUM480,Ignition ON,Sep 24 2024 08:57 AM,Brenntag Yumbo
KUM480,Geofence OUT,Sep 24 2024 08:23 AM,Br Yumbo Z Cargue
KUM480,Ignition ON,Sep 24 2024 08:23 AM,Brenntag Yumbo
KUM480,Geofence IN,Sep 24 2024 06:14 AM,Br Yumbo Z Cargue
KUM480,Geofence IN,Sep 24 2024 06:14 AM,ingreso y salida de  brentag 
KUM480,Landmark IN,Sep 24 2024 06:14 AM,Brenntag Yumbo
KUM480,Landmark OUT,Sep 24 2024 06:06 AM,Quimicol Ltda
KUM480,Landmark IN,Sep 24 2024 06:04 AM,Quimicol Ltda
KUM480,Landmark OUT,Sep 24 2024 06:03 AM,BSN MEDICAL LTDA
KUM480,Geofence IN,Sep 24 2024 06:01 AM,Ruta 4 Brenntag Yumbo
KUM480,Landmark IN,Sep 24 2024 06:01 AM,BSN MEDICAL LTDA
KUM480,POWER UP,Sep 24 2024 05:22 AM,
KUM480,Ignition ON,Sep 24 2024 05:22 AM,
KUM480,Landmark OUT,Sep 23 2024 05:59 PM,Anillo V Coronado
KUM480,Landmark IN,Sep 23 2024 05:56 PM,Anillo V Coronado
KUM480,Geofence OUT,Sep 23 2024 05:39 PM,PEAJE EL CERRITO 
KUM480,Geofence IN,Sep 23 2024 05:37 PM,PEAJE EL CERRITO 
KUM480,Geofence OUT,Sep 23 2024 05:13 PM,Ruta 5 Brenntag Buga
KUM480,Landmark OUT,Sep 23 2024 05:11 PM,parq. Las Palmas- Buga
KUM480,Landmark IN,Sep 23 2024 05:09 PM,parq. Las Palmas- Buga
KUM480,Ignition ON,Sep 23 2024 05:05 PM,
KUM480,Landmark OUT,Sep 23 2024 04:58 PM,estacion terpel de Paloblanco
KUM480,Landmark IN,Sep 23 2024 04:57 PM,estacion terpel de Paloblanco
KUM480,Ignition ON,Sep 23 2024 04:53 PM,
KUM480,Geofence IN,Sep 23 2024 04:39 PM,Ruta 5 Brenntag Buga
KUM480,Geofence OUT,Sep 23 2024 04:35 PM,PEAJE SAN PEDRO 
KUM480,Landmark OUT,Sep 23 2024 04:35 PM,Peaje Betania
KUM480,Geofence IN,Sep 23 2024 04:33 PM,PEAJE SAN PEDRO 
KUM480,Landmark IN,Sep 23 2024 04:33 PM,Peaje Betania
KUM480,Ignition ON,Sep 23 2024 04:20 PM,
KUM480,Geofence OUT,Sep 23 2024 03:50 PM,Ruta 5 Brenntag Tulua
KUM480,Landmark OUT,Sep 23 2024 03:50 PM,Levapan s a Tulua
KUM480,Landmark OUT,Sep 23 2024 03:48 PM,Dotaciones Quimicas EM LTDA
KUM480,Ignition ON,Sep 23 2024 03:44 PM,Levapan s a Tulua
KUM480,Ignition ON,Sep 23 2024 03:40 PM,Levapan s a Tulua
KUM480,Landmark IN,Sep 23 2024 03:34 PM,Dotaciones Quimicas EM LTDA
KUM480,Ignition ON,Sep 23 2024 03:27 PM,
KUM480,Landmark OUT,Sep 23 2024 02:48 PM,Dotaciones Quimicas EM LTDA
KUM480,Ignition ON,Sep 23 2024 02:40 PM,Dotaciones Quimicas EM LTDA
KUM480,Ignition ON,Sep 23 2024 02:34 PM,Dotaciones Quimicas EM LTDA
KUM480,Ignition ON,Sep 23 2024 02:18 PM,Dotaciones Quimicas EM LTDA
KUM480,Ignition ON,Sep 23 2024 02:16 PM,Dotaciones Quimicas EM LTDA
KUM480,Ignition ON,Sep 23 2024 02:11 PM,Dotaciones Quimicas EM LTDA
KUM480,Landmark IN,Sep 23 2024 02:10 PM,Dotaciones Quimicas EM LTDA
KUM480,Ignition ON,Sep 23 2024 02:09 PM,Levapan s a Tulua
KUM480,Landmark IN,Sep 23 2024 01:50 PM,Levapan s a Tulua
KUM480,Geofence IN,Sep 23 2024 01:45 PM,Ruta 5 Brenntag Tulua
KUM480,Geofence OUT,Sep 23 2024 01:36 PM,EDS San Pedro
KUM480,Geofence IN,Sep 23 2024 01:34 PM,EDS San Pedro
KUM480,Landmark OUT,Sep 23 2024 01:30 PM,Peaje Betania
KUM480,Geofence OUT,Sep 23 2024 01:28 PM,PEAJE SAN PEDRO 
KUM480,Geofence IN,Sep 23 2024 01:28 PM,PEAJE SAN PEDRO 
KUM480,Landmark IN,Sep 23 2024 01:26 PM,Peaje Betania
KUM480,Geofence OUT,Sep 23 2024 01:22 PM,Ruta 5 Brenntag Buga
KUM480,Ignition ON,Sep 23 2024 01:13 PM,
KUM480,Geofence IN,Sep 23 2024 12:34 PM,Ruta 5 Brenntag Buga
KUM480,Geofence OUT,Sep 23 2024 12:06 PM,PEAJE EL CERRITO 
KUM480,Geofence IN,Sep 23 2024 12:04 PM,PEAJE EL CERRITO 
KUM480,Landmark OUT,Sep 23 2024 11:52 AM,Peaje Rozo
KUM480,Landmark IN,Sep 23 2024 11:48 AM,Peaje Rozo
KUM480,Geofence OUT,Sep 23 2024 11:15 AM,Ruta 4 Brenntag Yumbo
KUM480,Landmark OUT,Sep 23 2024 11:07 AM,Cajero Bancol Lloreda
KUM480,Landmark IN,Sep 23 2024 11:05 AM,Cajero Bancol Lloreda
KUM480,Landmark OUT,Sep 23 2024 11:03 AM,PREMEZCLAS S.A.
KUM480,Landmark IN,Sep 23 2024 11:01 AM,PREMEZCLAS S.A.
KUM480,Landmark OUT,Sep 23 2024 10:57 AM,Brenntag Yumbo
KUM480,Ignition ON,Sep 23 2024 10:53 AM,Brenntag Yumbo
KUM480,Geofence OUT,Sep 23 2024 10:17 AM,ingreso y salida de  brentag 
KUM480,Ignition ON,Sep 23 2024 10:16 AM,Brenntag Yumbo
KUM480,Geofence OUT,Sep 23 2024 10:02 AM,Br Yumbo Z Cargue
KUM480,Ignition ON,Sep 23 2024 10:02 AM,Brenntag Yumbo
KUM480,Ignition ON,Sep 23 2024 08:57 AM,Brenntag Yumbo
KUM480,Geofence IN,Sep 23 2024 08:49 AM,ingreso y salida de  brentag 
KUM480,Ignition ON,Sep 23 2024 08:45 AM,Brenntag Yumbo
KUM480,Landmark IN,Sep 23 2024 06:01 AM,Brenntag Yumbo
KUM480,Landmark OUT,Sep 23 2024 05:57 AM,Quimicol Ltda
KUM480,Landmark IN,Sep 23 2024 05:55 AM,Quimicol Ltda
KUM480,Geofence IN,Sep 23 2024 05:54 AM,Ruta 4 Brenntag Yumbo
KUM480,Landmark OUT,Sep 23 2024 05:41 AM,AAApapermet
KUM480,Landmark IN,Sep 23 2024 05:39 AM,AAApapermet
KUM480,Landmark OUT,Sep 23 2024 05:22 AM,parq. Valle del Lili
KUM480,POWER UP,Sep 23 2024 05:17 AM,parq. Valle del Lili
KUM480,Ignition ON,Sep 23 2024 05:17 AM,parq. Valle del Lili
KUM480,Landmark IN,Sep 22 2024 06:52 PM,parq. Valle del Lili
KUM480,Landmark OUT,Sep 22 2024 06:51 PM,parq. Valle del Lili
KUM480,POWER UP,Sep 22 2024 06:46 PM,parq. Valle del Lili
KUM480,Ignition ON,Sep 22 2024 06:46 PM,parq. Valle del Lili
KUM480,Landmark IN,Sep 21 2024 01:35 PM,parq. Valle del Lili
KUM480,Landmark OUT,Sep 21 2024 12:52 PM,Cosmeticos Janny S.A.S.
KUM480,Landmark IN,Sep 21 2024 12:51 PM,Cosmeticos Janny S.A.S.
KUM480,Geofence OUT,Sep 21 2024 12:30 PM,Ruta 4 Brenntag Yumbo
KUM480,Geofence OUT,Sep 21 2024 12:19 PM,Br Yumbo Z Cargue
KUM480,Geofence OUT,Sep 21 2024 12:19 PM,ingreso y salida de  brentag 
KUM480,Landmark OUT,Sep 21 2024 12:19 PM,Brenntag Yumbo
KUM480,POWER UP,Sep 21 2024 12:14 PM,Brenntag Yumbo
KUM480,Ignition ON,Sep 21 2024 12:14 PM,Brenntag Yumbo
KUM480,Geofence IN,Sep 21 2024 09:30 AM,Br Yumbo Z Cargue
KUM480,Geofence OUT,Sep 21 2024 09:30 AM,Br Yumbo Z Parqueo
KUM480,Geofence IN,Sep 21 2024 09:30 AM,ingreso y salida de  brentag 
KUM480,Ignition ON,Sep 21 2024 09:28 AM,Brenntag Yumbo
KUM480,Geofence IN,Sep 21 2024 07:34 AM,Br Yumbo Z Parqueo
KUM480,Landmark IN,Sep 21 2024 07:34 AM,Brenntag Yumbo
KUM480,Landmark OUT,Sep 21 2024 07:30 AM,Quimicol Ltda
KUM480,Landmark IN,Sep 21 2024 07:22 AM,Quimicol Ltda
KUM480,Geofence IN,Sep 21 2024 07:19 AM,Ruta 4 Brenntag Yumbo
KUM480,Landmark OUT,Sep 21 2024 06:39 AM,parq. El Caney
KUM480,Landmark IN,Sep 21 2024 06:33 AM,parq. El Caney
KUM480,POWER UP,Sep 21 2024 06:33 AM,parq. Valle del Lili
KUM480,Ignition ON,Sep 21 2024 06:33 AM,parq. Valle del Lili
KUM480,Landmark IN,Sep 20 2024 04:51 PM,parq. Valle del Lili
KUM480,Ignition ON,Sep 20 2024 03:56 PM,
KUM480,Landmark OUT,Sep 20 2024 03:17 PM,Agenquimicos Ltda.
KUM480,Ignition ON,Sep 20 2024 03:08 PM,Agenquimicos Ltda.
KUM480,Ignition ON,Sep 20 2024 02:30 PM,Agenquimicos Ltda.
KUM480,Landmark IN,Sep 20 2024 02:25 PM,Agenquimicos Ltda.
KUM480,Ignition ON,Sep 20 2024 02:10 PM,
KUM480,Ignition ON,Sep 20 2024 01:53 PM,
KUM480,Ignition ON,Sep 20 2024 01:48 PM,
KUM480,Ignition ON,Sep 20 2024 01:03 PM,
KUM480,Landmark OUT,Sep 20 2024 11:45 AM,teller Electrico Piolin
KUM480,Ignition ON,Sep 20 2024 11:43 AM,teller Electrico Piolin
KUM480,Landmark IN,Sep 20 2024 11:42 AM,teller Electrico Piolin
KUM480,Ignition ON,Sep 20 2024 11:38 AM,
KUM480,Ignition ON,Sep 20 2024 10:53 AM,
KUM480,Landmark OUT,Sep 20 2024 10:28 AM,Penagos Luna Diego
KUM480,Landmark IN,Sep 20 2024 10:26 AM,Penagos Luna Diego
KUM480,Landmark OUT,Sep 20 2024 10:23 AM,Velasquez Rodas Fabio Velquimicos 
KUM480,Landmark IN,Sep 20 2024 10:20 AM,Velasquez Rodas Fabio Velquimicos 
KUM480,Geofence OUT,Sep 20 2024 10:03 AM,Ruta 4 Brenntag Yumbo
KUM480,Ignition ON,Sep 20 2024 09:58 AM,
KUM480,Landmark OUT,Sep 20 2024 09:46 AM,Brenntag Yumbo
KUM480,Ignition ON,Sep 20 2024 09:42 AM,Brenntag Yumbo
KUM480,Ignition ON,Sep 20 2024 08:58 AM,Brenntag Yumbo
KUM480,Ignition ON,Sep 20 2024 08:52 AM,Brenntag Yumbo
KUM480,Geofence OUT,Sep 20 2024 08:41 AM,Br Yumbo Z Cargue
KUM480,Ignition ON,Sep 20 2024 08:41 AM,Brenntag Yumbo
KUM480,Geofence IN,Sep 20 2024 07:40 AM,Br Yumbo Z Cargue
KUM480,Geofence OUT,Sep 20 2024 07:37 AM,Br Yumbo Z Cargue
KUM480,Ignition ON,Sep 20 2024 07:37 AM,Brenntag Yumbo
KUM480,Geofence IN,Sep 20 2024 06:18 AM,Br Yumbo Z Cargue
KUM480,Geofence IN,Sep 20 2024 06:18 AM,ingreso y salida de  brentag 
KUM480,Landmark IN,Sep 20 2024 06:18 AM,Brenntag Yumbo
KUM480,Landmark OUT,Sep 20 2024 06:12 AM,Quimicol Ltda
KUM480,Landmark IN,Sep 20 2024 06:10 AM,Quimicol Ltda
KUM480,Geofence IN,Sep 20 2024 06:07 AM,Ruta 4 Brenntag Yumbo
KUM480,Landmark OUT,Sep 20 2024 05:34 AM,parq. Valle del Lili
KUM480,POWER UP,Sep 20 2024 04:36 AM,parq. Valle del Lili
KUM480,Ignition ON,Sep 20 2024 04:36 AM,parq. Valle del Lili
KUM480,Ignition ON,Sep 19 2024 03:38 PM,parq. Valle del Lili
KUM480,Landmark IN,Sep 19 2024 03:38 PM,parq. Valle del Lili
KUM480,Ignition ON,Sep 19 2024 03:06 PM,
KUM480,Landmark OUT,Sep 19 2024 02:40 PM,Uribe Jhon Jairo Casa Quimica
KUM480,Landmark IN,Sep 19 2024 02:37 PM,Uribe Jhon Jairo Casa Quimica
KUM480,Ignition ON,Sep 19 2024 02:35 PM,
KUM480,Ignition ON,Sep 19 2024 02:11 PM,
KUM480,Landmark OUT,Sep 19 2024 01:56 PM,Penagos Luna Diego
KUM480,Landmark IN,Sep 19 2024 01:54 PM,Penagos Luna Diego
KUM480,Ignition ON,Sep 19 2024 01:53 PM,
KUM480,Ignition ON,Sep 19 2024 01:09 PM,
KUM480,Ignition ON,Sep 19 2024 12:26 PM,
KUM480,Landmark OUT,Sep 19 2024 12:08 PM,Velasquez Rodas Fabio Velquimicos 
KUM480,Landmark IN,Sep 19 2024 12:06 PM,Velasquez Rodas Fabio Velquimicos 
KUM480,Ignition ON,Sep 19 2024 12:00 PM,
KUM480,Ignition ON,Sep 19 2024 11:29 AM,
KUM480,Ignition ON,Sep 19 2024 11:28 AM,
KUM480,Landmark OUT,Sep 19 2024 11:14 AM,taller Soluciones Electricas Automotriz
KUM480,Landmark IN,Sep 19 2024 11:14 AM,taller Soluciones Electricas Automotriz
KUM480,Landmark OUT,Sep 19 2024 11:13 AM,Alexander Chacon
KUM480,Landmark IN,Sep 19 2024 11:12 AM,Alexander Chacon
KUM480,Geofence OUT,Sep 19 2024 11:10 AM,ZONA DE TARROS
KUM480,Geofence IN,Sep 19 2024 11:08 AM,ZONA DE TARROS
KUM480,Landmark OUT,Sep 19 2024 11:08 AM,Unilever Cali
KUM480,Landmark IN,Sep 19 2024 11:06 AM,Unilever Cali
KUM480,Ignition ON,Sep 19 2024 10:45 AM,
KUM480,Ignition ON,Sep 19 2024 10:43 AM,
KUM480,Ignition ON,Sep 19 2024 10:25 AM,
KUM480,Geofence OUT,Sep 19 2024 10:02 AM,Ruta 4 Brenntag Yumbo
KUM480,Geofence OUT,Sep 19 2024 09:57 AM,Br Yumbo Z Parqueo
KUM480,Geofence IN,Sep 19 2024 09:54 AM,Br Yumbo Z Parqueo
KUM480,Landmark OUT,Sep 19 2024 09:54 AM,Brenntag Yumbo
KUM480,Ignition ON,Sep 19 2024 09:54 AM,Brenntag Yumbo
KUM480,Geofence OUT,Sep 19 2024 09:00 AM,Br Yumbo Z Parqueo
KUM480,Landmark IN,Sep 19 2024 09:00 AM,Brenntag Yumbo
KUM480,Ignition ON,Sep 19 2024 08:55 AM,
KUM480,Geofence IN,Sep 19 2024 08:53 AM,Br Yumbo Z Parqueo
KUM480,Geofence OUT,Sep 19 2024 08:53 AM,ingreso y salida de  brentag 
KUM480,Landmark OUT,Sep 19 2024 08:53 AM,Brenntag Yumbo
KUM480,Ignition ON,Sep 19 2024 08:50 AM,Brenntag Yumbo
KUM480,Landmark IN,Sep 19 2024 08:39 AM,Brenntag Yumbo
KUM480,Ignition ON,Sep 19 2024 08:37 AM,
KUM480,Geofence OUT,Sep 19 2024 07:24 AM,Br Yumbo Z Parqueo
KUM480,Geofence IN,Sep 19 2024 07:24 AM,ingreso y salida de  brentag 
KUM480,Landmark OUT,Sep 19 2024 07:24 AM,Brenntag Yumbo
KUM480,Landmark IN,Sep 19 2024 07:19 AM,Brenntag Yumbo
KUM480,Ignition ON,Sep 19 2024 07:19 AM,
KUM480,Geofence IN,Sep 19 2024 06:05 AM,Br Yumbo Z Parqueo
KUM480,Landmark OUT,Sep 19 2024 06:01 AM,Quimicol Ltda
KUM480,Landmark IN,Sep 19 2024 05:59 AM,Quimicol Ltda
KUM480,Landmark OUT,Sep 19 2024 05:57 AM,BSN MEDICAL LTDA
KUM480,Geofence IN,Sep 19 2024 05:57 AM,Ruta 4 Brenntag Yumbo
KUM480,Landmark IN,Sep 19 2024 05:57 AM,BSN MEDICAL LTDA
KUM480,Landmark OUT,Sep 19 2024 05:19 AM,parq. Valle del Lili
KUM480,POWER UP,Sep 19 2024 05:18 AM,parq. Valle del Lili
KUM480,Ignition ON,Sep 19 2024 05:18 AM,parq. Valle del Lili
KUM480,Landmark IN,Sep 18 2024 04:54 PM,parq. Valle del Lili
KUM480,Geofence OUT,Sep 18 2024 04:02 PM,Ruta 4 Brenntag Yumbo
KUM480,Landmark OUT,Sep 18 2024 03:59 PM,Brenntag Yumbo
KUM480,Ignition ON,Sep 18 2024 03:55 PM,Brenntag Yumbo
KUM480,Landmark IN,Sep 18 2024 03:16 PM,Brenntag Yumbo
KUM480,Landmark OUT,Sep 18 2024 03:15 PM,Brenntag Yumbo
KUM480,Ignition ON,Sep 18 2024 03:15 PM,Brenntag Yumbo
KUM480,Geofence OUT,Sep 18 2024 02:28 PM,EcoEnvases (reenvases)
KUM480,Geofence IN,Sep 18 2024 02:28 PM,Br Yumbo Z Parqueo
KUM480,Landmark OUT,Sep 18 2024 02:28 PM,Reenvases
KUM480,Geofence IN,Sep 18 2024 02:25 PM,EcoEnvases (reenvases)
KUM480,Landmark IN,Sep 18 2024 02:25 PM,Reenvases
KUM480,Geofence IN,Sep 18 2024 02:21 PM,Ruta 4 Brenntag Yumbo
KUM480,Geofence OUT,Sep 18 2024 02:17 PM,Ruta 4 Brenntag Yumbo
KUM480,Landmark OUT,Sep 18 2024 02:04 PM,Momentive
KUM480,Geofence IN,Sep 18 2024 02:03 PM,Ruta 4 Brenntag Yumbo
KUM480,Landmark IN,Sep 18 2024 02:03 PM,Momentive
KUM480,Landmark OUT,Sep 18 2024 01:20 PM,Glorieta
KUM480,Landmark IN,Sep 18 2024 01:17 PM,Glorieta
KUM480,Geofence OUT,Sep 18 2024 01:11 PM,Ruta 5 Brenntag Buga
KUM480,Landmark OUT,Sep 18 2024 01:05 PM,parq. Las Palmas- Buga
KUM480,Landmark IN,Sep 18 2024 01:04 PM,parq. Las Palmas- Buga
KUM480,Ignition ON,Sep 18 2024 01:01 PM,
KUM480,Geofence IN,Sep 18 2024 12:08 PM,Ruta 5 Brenntag Buga
KUM480,Landmark OUT,Sep 18 2024 11:56 AM,Peaje Betania
KUM480,Landmark IN,Sep 18 2024 11:52 AM,Peaje Betania
KUM480,Ignition ON,Sep 18 2024 11:13 AM,
KUM480,Ignition ON,Sep 18 2024 10:56 AM,
KUM480,Ignition ON,Sep 18 2024 10:45 AM,
KUM480,Ignition ON,Sep 18 2024 10:33 AM,
KUM480,Ignition ON,Sep 18 2024 10:27 AM,
KUM480,Ignition ON,Sep 18 2024 10:19 AM,
KUM480,Ignition ON,Sep 18 2024 09:57 AM,
KUM480,Ignition ON,Sep 18 2024 09:28 AM,
KUM480,Ignition ON,Sep 18 2024 09:18 AM,
KUM480,Ignition ON,Sep 18 2024 09:07 AM,
KUM480,Geofence OUT,Sep 18 2024 08:28 AM,Ruta 5 Brenntag Tulua
KUM480,Ignition ON,Sep 18 2024 08:18 AM,
KUM480,Geofence IN,Sep 18 2024 07:39 AM,Ruta 5 Brenntag Tulua
KUM480,Geofence OUT,Sep 18 2024 07:29 AM,EDS San Pedro
KUM480,Geofence IN,Sep 18 2024 07:27 AM,EDS San Pedro
KUM480,Landmark OUT,Sep 18 2024 07:23 AM,Peaje Betania
KUM480,Landmark IN,Sep 18 2024 07:21 AM,Peaje Betania
KUM480,Geofence OUT,Sep 18 2024 07:19 AM,Ruta 5 Brenntag Buga
KUM480,Landmark OUT,Sep 18 2024 07:13 AM,estacion terpel de Paloblanco
KUM480,Landmark IN,Sep 18 2024 07:09 AM,estacion terpel de Paloblanco
KUM480,Geofence IN,Sep 18 2024 07:01 AM,Ruta 5 Brenntag Buga
KUM480,Geofence OUT,Sep 18 2024 06:41 AM,PEAJE EL CERRITO 
KUM480,Geofence IN,Sep 18 2024 06:39 AM,PEAJE EL CERRITO 
KUM480,Geofence OUT,Sep 18 2024 06:07 AM,PEAJE ESTAMBUL
KUM480,Geofence IN,Sep 18 2024 06:05 AM,PEAJE ESTAMBUL
KUM480,POWER UP,Sep 18 2024 05:15 AM,
KUM480,Ignition ON,Sep 18 2024 05:15 AM,
KUM480,Landmark OUT,Sep 17 2024 06:12 PM,Alquin Ltda
KUM480,Landmark IN,Sep 17 2024 06:07 PM,Alquin Ltda
KUM480,Landmark OUT,Sep 17 2024 05:55 PM,Cosmeticos Janny S.A.S.
KUM480,Landmark IN,Sep 17 2024 05:53 PM,Cosmeticos Janny S.A.S.
KUM480,Geofence OUT,Sep 17 2024 05:33 PM,Ruta 4 Brenntag Yumbo
KUM480,Geofence OUT,Sep 17 2024 05:20 PM,Br Yumbo Z Parqueo
KUM480,Landmark OUT,Sep 17 2024 05:20 PM,Brenntag Yumbo
KUM480,Ignition ON,Sep 17 2024 05:20 PM,Brenntag Yumbo
KUM480,Geofence IN,Sep 17 2024 02:32 PM,Br Yumbo Z Parqueo
KUM480,Geofence OUT,Sep 17 2024 02:32 PM,ingreso y salida de  brentag 
KUM480,Ignition ON,Sep 17 2024 02:30 PM,Brenntag Yumbo
KUM480,Landmark IN,Sep 17 2024 02:25 PM,Brenntag Yumbo
KUM480,Ignition ON,Sep 17 2024 02:24 PM,
KUM480,Geofence OUT,Sep 17 2024 01:42 PM,Br Yumbo Z Parqueo
KUM480,Geofence IN,Sep 17 2024 01:42 PM,ingreso y salida de  brentag 
KUM480,Landmark OUT,Sep 17 2024 01:42 PM,Brenntag Yumbo
KUM480,Geofence IN,Sep 17 2024 01:36 PM,Br Yumbo Z Parqueo
KUM480,Geofence OUT,Sep 17 2024 01:36 PM,ingreso y salida de  brentag 
KUM480,Ignition ON,Sep 17 2024 01:36 PM,Brenntag Yumbo
KUM480,Geofence OUT,Sep 17 2024 01:06 PM,Br Yumbo Z Parqueo
KUM480,Geofence IN,Sep 17 2024 01:06 PM,ingreso y salida de  brentag 
KUM480,Ignition ON,Sep 17 2024 01:06 PM,Brenntag Yumbo
KUM480,Ignition ON,Sep 17 2024 12:32 PM,Brenntag Yumbo
KUM480,Geofence IN,Sep 17 2024 12:26 PM,Br Yumbo Z Parqueo
KUM480,Landmark IN,Sep 17 2024 12:26 PM,Brenntag Yumbo
KUM480,Landmark OUT,Sep 17 2024 12:22 PM,Quimicol Ltda
KUM480,Landmark IN,Sep 17 2024 12:20 PM,Quimicol Ltda
KUM480,Ignition ON,Sep 17 2024 12:16 PM,Clarenst
KUM480,Landmark IN,Sep 17 2024 12:09 PM,Ecotechs
KUM480,Ignition ON,Sep 17 2024 12:06 PM,Empaques Flexibles SA
KUM480,Landmark IN,Sep 17 2024 11:56 AM,Empaques Flexibles SA
KUM480,Ignition ON,Sep 17 2024 11:50 AM,
KUM480,Ignition ON,Sep 17 2024 11:42 AM,
KUM480,Ignition ON,Sep 17 2024 11:11 AM,
KUM480,Ignition ON,Sep 17 2024 10:54 AM,
KUM480,Ignition ON,Sep 17 2024 10:44 AM,
KUM480,Ignition ON,Sep 17 2024 10:41 AM,
KUM480,Landmark OUT,Sep 17 2024 10:27 AM,Alpopular Bodegas
KUM480,Geofence IN,Sep 17 2024 10:25 AM,Ruta 4 Brenntag Yumbo
KUM480,Landmark IN,Sep 17 2024 10:25 AM,Alpopular Bodegas
KUM480,Geofence OUT,Sep 17 2024 10:18 AM,Ruta 4 Brenntag Yumbo
KUM480,Ignition ON,Sep 17 2024 10:04 AM,
KUM480,Ignition ON,Sep 17 2024 09:52 AM,
KUM480,Landmark OUT,Sep 17 2024 09:49 AM,Empaques Flexa
KUM480,Ignition ON,Sep 17 2024 09:47 AM,Empaques Flexa
KUM480,Landmark IN,Sep 17 2024 09:45 AM,Empaques Flexa
KUM480,Landmark OUT,Sep 17 2024 09:44 AM,Empaques Flexa Descargue
KUM480,Ignition ON,Sep 17 2024 09:40 AM,Empaques Flexa Descargue
KUM480,Landmark IN,Sep 17 2024 09:12 AM,Empaques Flexa Descargue
KUM480,Ignition ON,Sep 17 2024 09:12 AM,
KUM480,Ignition ON,Sep 17 2024 09:08 AM,
KUM480,Landmark OUT,Sep 17 2024 09:07 AM,Fogel Andina S.A.S.
KUM480,Ignition ON,Sep 17 2024 09:03 AM,Amcor Flexibles Cali
KUM480,Landmark OUT,Sep 17 2024 08:59 AM,Quimicol Ltda
KUM480,Landmark IN,Sep 17 2024 08:58 AM,Quimicol Ltda
KUM480,Landmark OUT,Sep 17 2024 08:58 AM,BSN MEDICAL LTDA
KUM480,Geofence IN,Sep 17 2024 08:56 AM,Ruta 4 Brenntag Yumbo
KUM480,Landmark IN,Sep 17 2024 08:56 AM,BSN MEDICAL LTDA
KUM480,Geofence OUT,Sep 17 2024 08:54 AM,Ruta 4 Brenntag Yumbo
KUM480,Ignition ON,Sep 17 2024 08:50 AM,
KUM480,Landmark OUT,Sep 17 2024 08:33 AM,Brenntag Yumbo
KUM480,Geofence OUT,Sep 17 2024 08:30 AM,Br Yumbo Z Parqueo
KUM480,Ignition ON,Sep 17 2024 08:30 AM,Brenntag Yumbo
KUM480,Geofence OUT,Sep 17 2024 08:05 AM,Br Yumbo Z Cargue
KUM480,Geofence IN,Sep 17 2024 08:05 AM,Br Yumbo Z Parqueo
KUM480,Geofence OUT,Sep 17 2024 08:05 AM,ingreso y salida de  brentag 
KUM480,Ignition ON,Sep 17 2024 08:05 AM,Brenntag Yumbo
KUM480,Landmark IN,Sep 17 2024 08:00 AM,Brenntag Yumbo
KUM480,Ignition ON,Sep 17 2024 07:58 AM,
KUM480,Landmark OUT,Sep 17 2024 07:28 AM,Brenntag Yumbo
KUM480,Ignition ON,Sep 17 2024 07:25 AM,Brenntag Yumbo
KUM480,Geofence IN,Sep 17 2024 06:12 AM,Br Yumbo Z Cargue
KUM480,Geofence IN,Sep 17 2024 06:12 AM,ingreso y salida de  brentag 
KUM480,Landmark IN,Sep 17 2024 06:12 AM,Brenntag Yumbo
KUM480,Landmark OUT,Sep 17 2024 06:05 AM,Quimicol Ltda
KUM480,Landmark IN,Sep 17 2024 06:03 AM,Quimicol Ltda
KUM480,Geofence IN,Sep 17 2024 06:01 AM,Ruta 4 Brenntag Yumbo
KUM480,Landmark IN,Sep 17 2024 06:01 AM,BSN MEDICAL LTDA
KUM480,Landmark OUT,Sep 17 2024 05:50 AM,La Maravilla
KUM480,Landmark IN,Sep 17 2024 05:48 AM,La Maravilla
KUM480,Landmark OUT,Sep 17 2024 05:25 AM,parq. Valle del Lili
KUM480,Landmark OUT,Sep 17 2024 05:24 AM,parq. El Caney
KUM480,Landmark IN,Sep 17 2024 05:22 AM,parq. El Caney
KUM480,POWER UP,Sep 17 2024 05:22 AM,parq. Valle del Lili
KUM480,Ignition ON,Sep 17 2024 05:22 AM,parq. Valle del Lili
KUM480,Landmark IN,Sep 16 2024 04:02 PM,parq. Valle del Lili
KUM480,Landmark OUT,Sep 16 2024 03:44 PM,Plasticos Calibrados
KUM480,Landmark IN,Sep 16 2024 03:42 PM,Plasticos Calibrados
KUM480,Ignition ON,Sep 16 2024 03:31 PM,
KUM480,Ignition ON,Sep 16 2024 02:45 PM,
KUM480,Ignition ON,Sep 16 2024 02:09 PM,
KUM480,Ignition ON,Sep 16 2024 01:45 PM,
KUM480,Geofence OUT,Sep 16 2024 01:22 PM,Ruta 2 Brenntag Palmira
KUM480,Landmark OUT,Sep 16 2024 01:18 PM,Beisbol de Colombia
KUM480,Landmark OUT,Sep 16 2024 01:16 PM,Tall Tecnifrenos Palmira El Costeño
KUM480,Ignition ON,Sep 16 2024 01:13 PM,Tall Tecnifrenos Palmira El Costeño
KUM480,Landmark IN,Sep 16 2024 12:41 PM,Tall Tecnifrenos Palmira El Costeño
KUM480,Landmark OUT,Sep 16 2024 12:39 PM,SOLYMET (Arnoldo)
KUM480,Landmark IN,Sep 16 2024 12:39 PM,SOLYMET (Arnoldo)
KUM480,Ignition ON,Sep 16 2024 12:29 PM,
KUM480,Landmark OUT,Sep 16 2024 12:05 PM,SOLYMET (Arnoldo)
KUM480,Landmark IN,Sep 16 2024 12:04 PM,SOLYMET (Arnoldo)
KUM480,Geofence IN,Sep 16 2024 12:00 PM,Ruta 2 Brenntag Palmira
KUM480,Ignition ON,Sep 16 2024 11:34 AM,
KUM480,Ignition ON,Sep 16 2024 11:31 AM,
KUM480,Ignition ON,Sep 16 2024 11:30 AM,
KUM480,Ignition ON,Sep 16 2024 11:22 AM,
KUM480,Ignition ON,Sep 16 2024 11:18 AM,
KUM480,Landmark OUT,Sep 16 2024 11:17 AM,INDUSTRIA GRAFICA LATINOAMERICANA S.A.
KUM480,Ignition ON,Sep 16 2024 11:17 AM,INDUSTRIA GRAFICA LATINOAMERICANA S.A.
KUM480,Landmark OUT,Sep 16 2024 11:14 AM,PGI Colombia
KUM480,Ignition ON,Sep 16 2024 11:13 AM,INDUSTRIA GRAFICA LATINOAMERICANA S.A.
KUM480,Landmark IN,Sep 16 2024 11:12 AM,INDUSTRIA GRAFICA LATINOAMERICANA S.A.
KUM480,Ignition ON,Sep 16 2024 11:12 AM,PGI Colombia
KUM480,Ignition ON,Sep 16 2024 11:07 AM,PGI Colombia
KUM480,Landmark IN,Sep 16 2024 11:03 AM,PGI Colombia
KUM480,Ignition ON,Sep 16 2024 10:54 AM,
KUM480,Ignition ON,Sep 16 2024 10:40 AM,
KUM480,Ignition ON,Sep 16 2024 10:31 AM,
KUM480,Ignition ON,Sep 16 2024 10:15 AM,
KUM480,Landmark OUT,Sep 16 2024 10:14 AM,Zona Franca del Pacifico
KUM480,Ignition ON,Sep 16 2024 10:12 AM,Zona Franca del Pacifico
KUM480,Landmark IN,Sep 16 2024 09:56 AM,Zona Franca del Pacifico
KUM480,Geofence OUT,Sep 16 2024 09:46 AM,PEAJE CENCAR
KUM480,Geofence IN,Sep 16 2024 09:46 AM,PEAJE CENCAR
KUM480,Geofence OUT,Sep 16 2024 09:43 AM,Ruta 4 Brenntag Yumbo
KUM480,Landmark OUT,Sep 16 2024 09:33 AM,BSN MEDICAL LTDA
KUM480,Landmark IN,Sep 16 2024 09:31 AM,BSN MEDICAL LTDA
KUM480,Geofence OUT,Sep 16 2024 09:28 AM,Br Yumbo Z Parqueo
KUM480,Landmark OUT,Sep 16 2024 09:28 AM,Brenntag Yumbo
KUM480,Ignition ON,Sep 16 2024 09:24 AM,Brenntag Yumbo
KUM480,Geofence OUT,Sep 16 2024 08:48 AM,Br Yumbo Z Cargue
KUM480,Geofence IN,Sep 16 2024 08:48 AM,Br Yumbo Z Parqueo
KUM480,Geofence OUT,Sep 16 2024 08:48 AM,ingreso y salida de  brentag 
KUM480,Ignition ON,Sep 16 2024 08:44 AM,Brenntag Yumbo
KUM480,Geofence IN,Sep 16 2024 08:39 AM,Br Yumbo Z Cargue
KUM480,Geofence OUT,Sep 16 2024 08:39 AM,Br Yumbo Z Cargue
KUM480,Ignition ON,Sep 16 2024 08:39 AM,Brenntag Yumbo
KUM480,Geofence IN,Sep 16 2024 07:58 AM,Br Yumbo Z Cargue
KUM480,Geofence IN,Sep 16 2024 07:58 AM,ingreso y salida de  brentag 
KUM480,Geofence OUT,Sep 16 2024 07:53 AM,Br Yumbo Z Parqueo
KUM480,Ignition ON,Sep 16 2024 07:53 AM,Brenntag Yumbo
KUM480,Geofence IN,Sep 16 2024 06:04 AM,Br Yumbo Z Parqueo
KUM480,Landmark IN,Sep 16 2024 06:04 AM,Brenntag Yumbo
KUM480,Landmark OUT,Sep 16 2024 06:01 AM,Quimicol Ltda
KUM480,Landmark IN,Sep 16 2024 05:59 AM,Quimicol Ltda
KUM480,Geofence IN,Sep 16 2024 05:57 AM,Ruta 4 Brenntag Yumbo
KUM480,Landmark OUT,Sep 16 2024 05:24 AM,parq. Valle del Lili
KUM480,POWER UP,Sep 16 2024 05:18 AM,parq. Valle del Lili
KUM480,Ignition ON,Sep 16 2024 05:18 AM,parq. Valle del Lili
KUM480,Landmark IN,Sep 13 2024 04:02 PM,parq. Valle del Lili
KUM480,Landmark IN,Sep 13 2024 03:42 PM,Plasticos Calibrados
KUM480,Landmark OUT,Sep 13 2024 03:42 PM,Plasticos Calibrados
KUM480,Landmark OUT,Sep 13 2024 03:31 PM,AAApapermet
KUM480,Landmark IN,Sep 13 2024 03:29 PM,AAApapermet
KUM480,Landmark OUT,Sep 13 2024 03:27 PM,La Maravilla
KUM480,Landmark IN,Sep 13 2024 03:25 PM,La Maravilla
KUM480,Landmark OUT,Sep 13 2024 03:23 PM,Velasquez Rodas Fabio Velquimicos 
KUM480,Landmark IN,Sep 13 2024 03:20 PM,Alexander Chacon
KUM480,Landmark IN,Sep 13 2024 03:20 PM,Velasquez Rodas Fabio Velquimicos 
KUM480,Ignition ON,Sep 13 2024 03:12 PM,
KUM480,Ignition ON,Sep 13 2024 02:39 PM,
KUM480,Ignition ON,Sep 13 2024 02:09 PM,
KUM480,Landmark OUT,Sep 13 2024 02:04 PM,INDUFLEX LTDA
KUM480,Landmark IN,Sep 13 2024 02:03 PM,INDUFLEX LTDA
KUM480,Ignition ON,Sep 13 2024 02:02 PM,
KUM480,Ignition ON,Sep 13 2024 01:44 PM,
KUM480,Ignition ON,Sep 13 2024 01:10 PM,
KUM480,Ignition ON,Sep 13 2024 12:31 PM,
KUM480,Ignition ON,Sep 13 2024 12:13 PM,
KUM480,Ignition ON,Sep 13 2024 11:42 AM,
KUM480,Landmark OUT,Sep 13 2024 11:26 AM,Alexander Chacon
KUM480,Landmark IN,Sep 13 2024 11:24 AM,Alexander Chacon
KUM480,Ignition ON,Sep 13 2024 11:20 AM,BALQUIMIA SAS
KUM480,Ignition ON,Sep 13 2024 11:13 AM,BALQUIMIA SAS
KUM480,Landmark IN,Sep 13 2024 11:10 AM,BALQUIMIA SAS
KUM480,Geofence OUT,Sep 13 2024 11:08 AM,ZONA DE TARROS
KUM480,Geofence IN,Sep 13 2024 11:04 AM,ZONA DE TARROS
KUM480,Geofence OUT,Sep 13 2024 10:49 AM,Ruta 4 Brenntag Yumbo
KUM480,Landmark OUT,Sep 13 2024 10:43 AM,Brenntag Yumbo
KUM480,Ignition ON,Sep 13 2024 10:41 AM,Brenntag Yumbo
KUM480,Geofence OUT,Sep 13 2024 10:23 AM,Br Yumbo Z Parqueo
KUM480,Geofence IN,Sep 13 2024 10:23 AM,Br Yumbo Z Parqueo
KUM480,Landmark IN,Sep 13 2024 10:23 AM,Brenntag Yumbo
KUM480,Ignition ON,Sep 13 2024 10:23 AM,
KUM480,Geofence OUT,Sep 13 2024 09:09 AM,Br Yumbo Z Cargue
KUM480,Geofence OUT,Sep 13 2024 09:09 AM,ingreso y salida de  brentag 
KUM480,Geofence IN,Sep 13 2024 09:00 AM,Br Yumbo Z Cargue
KUM480,Ignition ON,Sep 13 2024 09:00 AM,
KUM480,Geofence OUT,Sep 13 2024 08:26 AM,Br Yumbo Z Parqueo
KUM480,Geofence IN,Sep 13 2024 08:26 AM,ingreso y salida de  brentag 
KUM480,Landmark OUT,Sep 13 2024 08:26 AM,Brenntag Yumbo
KUM480,Ignition ON,Sep 13 2024 08:22 AM,Brenntag Yumbo
KUM480,Geofence IN,Sep 13 2024 08:01 AM,Br Yumbo Z Parqueo
KUM480,Landmark IN,Sep 13 2024 08:01 AM,Brenntag Yumbo
KUM480,Landmark OUT,Sep 13 2024 07:58 AM,Cajero Bancol Lloreda
KUM480,Landmark IN,Sep 13 2024 07:56 AM,Cajero Bancol Lloreda
KUM480,Ignition ON,Sep 13 2024 07:45 AM,
KUM480,Ignition ON,Sep 13 2024 07:25 AM,
KUM480,Ignition ON,Sep 13 2024 07:20 AM,
KUM480,Ignition ON,Sep 13 2024 07:17 AM,
KUM480,Landmark OUT,Sep 13 2024 06:52 AM,Alpopular Bodegas
KUM480,Landmark IN,Sep 13 2024 06:50 AM,Alpopular Bodegas
KUM480,Geofence IN,Sep 13 2024 06:49 AM,Ruta 4 Brenntag Yumbo
KUM480,Geofence OUT,Sep 13 2024 06:45 AM,Ruta 4 Brenntag Yumbo
KUM480,Landmark OUT,Sep 13 2024 06:40 AM,Parmalat Colombia LTDA
KUM480,Landmark IN,Sep 13 2024 06:38 AM,Parmalat Colombia LTDA
KUM480,Landmark OUT,Sep 13 2024 06:35 AM,Quimicol Ltda
KUM480,Landmark IN,Sep 13 2024 06:33 AM,Quimicol Ltda
KUM480,Geofence IN,Sep 13 2024 06:30 AM,Ruta 4 Brenntag Yumbo
KUM480,Landmark OUT,Sep 13 2024 06:18 AM,La Maravilla
KUM480,Landmark IN,Sep 13 2024 06:15 AM,La Maravilla
KUM480,Landmark OUT,Sep 13 2024 05:47 AM,parq. Valle del Lili
KUM480,POWER UP,Sep 13 2024 05:47 AM,parq. Valle del Lili
KUM480,Ignition ON,Sep 13 2024 05:47 AM,parq. Valle del Lili
KUM480,Landmark IN,Sep 12 2024 08:37 PM,parq. Valle del Lili
KUM480,Landmark OUT,Sep 12 2024 07:18 PM,Anillo V Coronado
KUM480,Landmark IN,Sep 12 2024 07:15 PM,Anillo V Coronado
KUM480,Geofence OUT,Sep 12 2024 07:00 PM,PEAJE EL CERRITO 
KUM480,Geofence IN,Sep 12 2024 06:58 PM,PEAJE EL CERRITO 
KUM480,Geofence OUT,Sep 12 2024 06:37 PM,Ruta 5 Brenntag Buga
KUM480,Geofence IN,Sep 12 2024 06:30 PM,Ruta 5 Brenntag Buga
KUM480,Landmark OUT,Sep 12 2024 06:10 PM,Peaje Betania
KUM480,Landmark IN,Sep 12 2024 06:08 PM,Peaje Betania
KUM480,Geofence OUT,Sep 12 2024 06:06 PM,EDS San Pedro
KUM480,Geofence IN,Sep 12 2024 06:04 PM,EDS San Pedro
KUM480,Geofence OUT,Sep 12 2024 05:54 PM,Ruta 5 Brenntag Tulua
KUM480,Geofence IN,Sep 12 2024 05:50 PM,Ruta 5 Brenntag Tulua
KUM480,Geofence OUT,Sep 12 2024 05:39 PM,Ruta 6 Brenntag Bugalagrande
KUM480,Geofence IN,Sep 12 2024 05:37 PM,Ruta 6 Brenntag Bugalagrande
KUM480,Geofence OUT,Sep 12 2024 05:23 PM,Ruta 7 Brenntag La Paila
KUM480,Landmark OUT,Sep 12 2024 05:23 PM,COLOMBINA S.A. LA PAILA
KUM480,Landmark IN,Sep 12 2024 05:21 PM,COLOMBINA S.A. LA PAILA
KUM480,Geofence IN,Sep 12 2024 05:19 PM,Ruta 7 Brenntag La Paila
KUM480,Ignition ON,Sep 12 2024 04:29 PM,
KUM480,Geofence OUT,Sep 12 2024 04:03 PM,PEAJE CERRITOS RISARALDA
KUM480,Landmark OUT,Sep 12 2024 04:03 PM,Terpel Cerritos
KUM480,Geofence IN,Sep 12 2024 04:01 PM,PEAJE CERRITOS RISARALDA
KUM480,Landmark IN,Sep 12 2024 04:01 PM,Terpel Cerritos
KUM480,Landmark IN,Sep 12 2024 03:34 PM,Resiplas de Colombia
KUM480,Landmark OUT,Sep 12 2024 03:26 PM,Resiplas de Colombia
KUM480,Ignition ON,Sep 12 2024 02:53 PM,
KUM480,Geofence OUT,Sep 12 2024 12:54 PM,Ruta 12 Brenntag Manizales
KUM480,Landmark OUT,Sep 12 2024 12:49 PM,Parq La Manuela
KUM480,Landmark IN,Sep 12 2024 12:48 PM,Parq La Manuela
KUM480,Landmark OUT,Sep 12 2024 12:39 PM,C&SUPER DE ALIMENTOS SA
KUM480,Ignition ON,Sep 12 2024 12:36 PM,C&SUPER DE ALIMENTOS SA
KUM480,Landmark OUT,Sep 12 2024 12:20 PM,PLANTA SUPER DE ALIMENTOS
KUM480,Ignition ON,Sep 12 2024 12:15 PM,PLANTA SUPER DE ALIMENTOS
KUM480,Ignition ON,Sep 12 2024 11:59 AM,PLANTA SUPER DE ALIMENTOS
KUM480,Landmark IN,Sep 12 2024 11:54 AM,PLANTA SUPER DE ALIMENTOS
KUM480,Ignition ON,Sep 12 2024 11:51 AM,C&SUPER DE ALIMENTOS SA
KUM480,Ignition ON,Sep 12 2024 11:34 AM,C&SUPER DE ALIMENTOS SA
KUM480,Ignition ON,Sep 12 2024 11:15 AM,C&SUPER DE ALIMENTOS SA
KUM480,Ignition ON,Sep 12 2024 11:13 AM,C&SUPER DE ALIMENTOS SA
KUM480,Landmark IN,Sep 12 2024 11:09 AM,C&SUPER DE ALIMENTOS SA
KUM480,Ignition ON,Sep 12 2024 11:04 AM,PLANTA SUPER DE ALIMENTOS
KUM480,Landmark OUT,Sep 12 2024 10:54 AM,C&SUPER DE ALIMENTOS SA
KUM480,Ignition ON,Sep 12 2024 10:53 AM,C&SUPER DE ALIMENTOS SA
KUM480,Landmark IN,Sep 12 2024 10:43 AM,C&SUPER DE ALIMENTOS SA
KUM480,Geofence IN,Sep 12 2024 10:40 AM,Ruta 12 Brenntag Manizales
KUM480,Ignition ON,Sep 12 2024 10:25 AM,
KUM480,Ignition ON,Sep 12 2024 10:14 AM,
KUM480,Ignition ON,Sep 12 2024 10:07 AM,
KUM480,Ignition ON,Sep 12 2024 09:56 AM,
KUM480,Ignition ON,Sep 12 2024 09:10 AM,
KUM480,Ignition ON,Sep 12 2024 08:59 AM,
KUM480,Ignition ON,Sep 12 2024 08:49 AM,
KUM480,Geofence OUT,Sep 12 2024 07:23 AM,Ruta 12 Brenntag Manizales
KUM480,Landmark OUT,Sep 12 2024 07:05 AM,Parq La Manuela
KUM480,Landmark IN,Sep 12 2024 07:03 AM,Parq La Manuela
KUM480,Geofence IN,Sep 12 2024 06:56 AM,Ruta 12 Brenntag Manizales
KUM480,Geofence OUT,Sep 12 2024 03:11 AM,Ruta 7 Brenntag La Paila
KUM480,Landmark OUT,Sep 12 2024 03:11 AM,COLOMBINA S.A. LA PAILA
KUM480,Geofence IN,Sep 12 2024 03:09 AM,Ruta 7 Brenntag La Paila
KUM480,Landmark IN,Sep 12 2024 03:09 AM,COLOMBINA S.A. LA PAILA
KUM480,Geofence OUT,Sep 12 2024 02:55 AM,Ruta 6 Brenntag Bugalagrande
KUM480,Geofence IN,Sep 12 2024 02:51 AM,Ruta 6 Brenntag Bugalagrande
KUM480,Geofence OUT,Sep 12 2024 02:40 AM,Ruta 5 Brenntag Tulua
KUM480,Geofence IN,Sep 12 2024 02:39 AM,Ruta 5 Brenntag Tulua
KUM480,Landmark OUT,Sep 12 2024 02:23 AM,Peaje Betania
KUM480,Landmark IN,Sep 12 2024 02:21 AM,Peaje Betania
KUM480,Geofence OUT,Sep 12 2024 02:17 AM,Ruta 5 Brenntag Buga
KUM480,Geofence IN,Sep 12 2024 01:59 AM,Ruta 5 Brenntag Buga
KUM480,Landmark OUT,Sep 12 2024 12:26 AM,parq. Valle del Lili
KUM480,POWER UP,Sep 12 2024 12:24 AM,parq. Valle del Lili
KUM480,Ignition ON,Sep 12 2024 12:24 AM,parq. Valle del Lili
KUM480,Landmark IN,Sep 11 2024 06:29 PM,parq. Valle del Lili
KUM480,Landmark OUT,Sep 11 2024 05:34 PM,Cosmeticos Janny S.A.S.
KUM480,Landmark IN,Sep 11 2024 05:31 PM,Cosmeticos Janny S.A.S.
KUM480,Geofence OUT,Sep 11 2024 05:10 PM,Ruta 4 Brenntag Yumbo
KUM480,Geofence OUT,Sep 11 2024 05:05 PM,Br Yumbo Z Parqueo
KUM480,Landmark OUT,Sep 11 2024 05:05 PM,Brenntag Yumbo
KUM480,Ignition ON,Sep 11 2024 05:01 PM,Brenntag Yumbo
KUM480,Geofence OUT,Sep 11 2024 03:52 PM,Br Yumbo Z Cargue
KUM480,Geofence IN,Sep 11 2024 03:52 PM,Br Yumbo Z Parqueo
KUM480,Geofence OUT,Sep 11 2024 03:52 PM,ingreso y salida de  brentag 
KUM480,Ignition ON,Sep 11 2024 03:51 PM,Brenntag Yumbo
KUM480,Ignition ON,Sep 11 2024 03:46 PM,Brenntag Yumbo
KUM480,Geofence IN,Sep 11 2024 02:46 PM,Br Yumbo Z Cargue
KUM480,Geofence OUT,Sep 11 2024 02:46 PM,Br Yumbo Z Parqueo
KUM480,Geofence IN,Sep 11 2024 02:46 PM,ingreso y salida de  brentag 
KUM480,Ignition ON,Sep 11 2024 02:42 PM,Brenntag Yumbo
KUM480,Geofence OUT,Sep 11 2024 01:19 PM,EcoEnvases (reenvases)
KUM480,Geofence IN,Sep 11 2024 01:19 PM,Br Yumbo Z Parqueo
KUM480,Landmark OUT,Sep 11 2024 01:19 PM,Reenvases
KUM480,Landmark IN,Sep 11 2024 01:17 PM,PRODUCTOS DIFFER S.A.S.
KUM480,Ignition ON,Sep 11 2024 01:16 PM,Reenvases
KUM480,Landmark OUT,Sep 11 2024 01:11 PM,PRODUCTOS DIFFER S.A.S.
KUM480,Geofence IN,Sep 11 2024 01:11 PM,EcoEnvases (reenvases)
KUM480,Landmark OUT,Sep 11 2024 01:11 PM,PRODUCTOS DIFFER
KUM480,Ignition ON,Sep 11 2024 01:11 PM,PRODUCTOS DIFFER
KUM480,Geofence OUT,Sep 11 2024 01:11 PM,EcoEnvases (reenvases)
KUM480,Landmark IN,Sep 11 2024 01:11 PM,PRODUCTOS DIFFER
KUM480,Ignition ON,Sep 11 2024 01:03 PM,PRODUCTOS DIFFER S.A.S.
KUM480,Geofence IN,Sep 11 2024 12:38 PM,EcoEnvases (reenvases)
KUM480,Landmark IN,Sep 11 2024 12:38 PM,Reenvases
KUM480,Ignition ON,Sep 11 2024 12:37 PM,Rest Casero
KUM480,Landmark IN,Sep 11 2024 12:29 PM,Rest Casero
KUM480,Landmark OUT,Sep 11 2024 12:28 PM,Quimicol Ltda
KUM480,Landmark OUT,Sep 11 2024 12:28 PM,Quimicol Ltda
KUM480,Landmark IN,Sep 11 2024 12:26 PM,Quimicol Ltda
KUM480,Ignition ON,Sep 11 2024 12:21 PM,Clarenst
KUM480,Ignition ON,Sep 11 2024 12:14 PM,Clarenst
KUM480,Ignition ON,Sep 11 2024 11:23 AM,Clarenst
KUM480,Ignition ON,Sep 11 2024 10:53 AM,Clarenst
KUM480,Landmark IN,Sep 11 2024 10:49 AM,Ecotechs
KUM480,Ignition ON,Sep 11 2024 10:46 AM,Empaques Flexibles SA
KUM480,Landmark IN,Sep 11 2024 10:25 AM,Empaques Flexibles SA
KUM480,Landmark OUT,Sep 11 2024 10:21 AM,BSN MEDICAL LTDA
KUM480,Landmark IN,Sep 11 2024 10:19 AM,BSN MEDICAL LTDA
KUM480,Geofence OUT,Sep 11 2024 10:16 AM,Br Yumbo Z Parqueo
KUM480,Landmark OUT,Sep 11 2024 10:16 AM,Brenntag Yumbo
KUM480,Ignition ON,Sep 11 2024 10:12 AM,Brenntag Yumbo
KUM480,Ignition ON,Sep 11 2024 09:35 AM,Brenntag Yumbo
KUM480,Geofence OUT,Sep 11 2024 09:02 AM,Br Yumbo Z Cargue
KUM480,Geofence IN,Sep 11 2024 09:02 AM,Br Yumbo Z Parqueo
KUM480,Geofence OUT,Sep 11 2024 09:02 AM,ingreso y salida de  brentag 
KUM480,Ignition ON,Sep 11 2024 09:00 AM,Brenntag Yumbo
KUM480,Ignition ON,Sep 11 2024 08:49 AM,Brenntag Yumbo
KUM480,Geofence IN,Sep 11 2024 08:06 AM,Br Yumbo Z Cargue
KUM480,Geofence IN,Sep 11 2024 08:06 AM,ingreso y salida de  brentag 
KUM480,Geofence OUT,Sep 11 2024 08:03 AM,Br Yumbo Z Parqueo
KUM480,Ignition ON,Sep 11 2024 08:03 AM,Brenntag Yumbo
KUM480,Geofence IN,Sep 11 2024 06:13 AM,Br Yumbo Z Parqueo
KUM480,Landmark IN,Sep 11 2024 06:13 AM,Brenntag Yumbo
KUM480,Landmark OUT,Sep 11 2024 06:09 AM,Quimicol Ltda
KUM480,Landmark IN,Sep 11 2024 06:07 AM,Quimicol Ltda
KUM480,Geofence IN,Sep 11 2024 06:04 AM,Ruta 4 Brenntag Yumbo
KUM480,Landmark OUT,Sep 11 2024 05:26 AM,parq. Valle del Lili
KUM480,POWER UP,Sep 11 2024 05:25 AM,parq. Valle del Lili
KUM480,Ignition ON,Sep 11 2024 05:25 AM,parq. Valle del Lili
KUM480,Landmark IN,Sep 10 2024 06:52 PM,parq. Valle del Lili
KUM480,Landmark OUT,Sep 10 2024 06:30 PM,Papeles del Cauca PDC
KUM480,Ignition ON,Sep 10 2024 06:28 PM,Punto de Prueba 2
KUM480,Ignition ON,Sep 10 2024 06:26 PM,Punto de Prueba 2
KUM480,Landmark IN,Sep 10 2024 06:23 PM,Punto de Prueba 2
KUM480,Ignition ON,Sep 10 2024 06:21 PM,Papeles del Cauca PDC
KUM480,Ignition ON,Sep 10 2024 05:39 PM,Papeles del Cauca PDC
KUM480,Landmark OUT,Sep 10 2024 05:35 PM,Punto de Prueba 2
KUM480,Ignition ON,Sep 10 2024 05:32 PM,Punto de Prueba 2
KUM480,Landmark IN,Sep 10 2024 05:27 PM,Papeles del Cauca PDC
KUM480,Landmark OUT,Sep 10 2024 04:42 PM,Cosmeticos Janny S.A.S.
KUM480,Landmark IN,Sep 10 2024 04:41 PM,Cosmeticos Janny S.A.S.
KUM480,Geofence OUT,Sep 10 2024 04:29 PM,Ruta 4 Brenntag Yumbo
KUM480,Geofence OUT,Sep 10 2024 04:26 PM,Br Yumbo Z Parqueo
KUM480,Landmark OUT,Sep 10 2024 04:26 PM,Brenntag Yumbo
KUM480,Ignition ON,Sep 10 2024 04:23 PM,Brenntag Yumbo
KUM480,Geofence IN,Sep 10 2024 04:01 PM,Br Yumbo Z Parqueo
KUM480,Geofence OUT,Sep 10 2024 04:01 PM,ingreso y salida de  brentag 
KUM480,Ignition ON,Sep 10 2024 04:00 PM,Brenntag Yumbo
KUM480,Geofence OUT,Sep 10 2024 03:56 PM,Br Yumbo Z Cargue
KUM480,Ignition ON,Sep 10 2024 03:56 PM,Brenntag Yumbo
KUM480,Geofence IN,Sep 10 2024 03:29 PM,Br Yumbo Z Cargue
KUM480,Geofence OUT,Sep 10 2024 03:26 PM,Br Yumbo Z Parqueo
KUM480,Geofence IN,Sep 10 2024 03:26 PM,ingreso y salida de  brentag 
KUM480,Landmark IN,Sep 10 2024 03:26 PM,Brenntag Yumbo
KUM480,Ignition ON,Sep 10 2024 03:26 PM,Industrias Lember                                 
KUM480,Geofence OUT,Sep 10 2024 02:59 PM,EcoEnvases (reenvases)
KUM480,Geofence IN,Sep 10 2024 02:59 PM,Br Yumbo Z Parqueo
KUM480,Landmark OUT,Sep 10 2024 02:59 PM,Reenvases
KUM480,Landmark IN,Sep 10 2024 02:56 PM,PRODUCTOS DIFFER S.A.S.
KUM480,Ignition ON,Sep 10 2024 02:56 PM,Reenvases
KUM480,Ignition ON,Sep 10 2024 02:53 PM,Reenvases
KUM480,Ignition ON,Sep 10 2024 02:45 PM,Reenvases
KUM480,Geofence IN,Sep 10 2024 02:37 PM,EcoEnvases (reenvases)
KUM480,Landmark IN,Sep 10 2024 02:37 PM,Reenvases
KUM480,Landmark OUT,Sep 10 2024 02:35 PM,Quimicol Ltda
KUM480,Landmark IN,Sep 10 2024 02:33 PM,Quimicol Ltda
KUM480,Geofence IN,Sep 10 2024 02:31 PM,Ruta 4 Brenntag Yumbo
KUM480,Ignition ON,Sep 10 2024 02:13 PM,
KUM480,Ignition ON,Sep 10 2024 02:00 PM,
KUM480,Ignition ON,Sep 10 2024 01:55 PM,
KUM480,Ignition ON,Sep 10 2024 01:29 PM,
KUM480,Ignition ON,Sep 10 2024 12:23 PM,
KUM480,Landmark OUT,Sep 10 2024 11:52 AM,Velasquez Rodas Fabio Velquimicos 
KUM480,Landmark IN,Sep 10 2024 11:50 AM,Velasquez Rodas Fabio Velquimicos 
KUM480,Landmark OUT,Sep 10 2024 11:47 AM,Ocampo A Reinel
KUM480,Landmark IN,Sep 10 2024 11:45 AM,Ocampo A Reinel
KUM480,Ignition ON,Sep 10 2024 11:41 AM,
KUM480,Ignition ON,Sep 10 2024 11:34 AM,
KUM480,Landmark OUT,Sep 10 2024 11:31 AM, PRODUCTOS RINCON
KUM480,Landmark IN,Sep 10 2024 11:29 AM, PRODUCTOS RINCON
KUM480,Landmark OUT,Sep 10 2024 11:23 AM,Alexander Chacon
KUM480,Landmark OUT,Sep 10 2024 11:20 AM,Velasquez Rodas Fabio Velquimicos 
KUM480,Landmark IN,Sep 10 2024 11:20 AM,Velasquez Rodas Fabio Velquimicos 
KUM480,Landmark OUT,Sep 10 2024 11:18 AM,Enlace Quimico
KUM480,Ignition ON,Sep 10 2024 11:16 AM,ESSENSALE
KUM480,Ignition ON,Sep 10 2024 10:22 AM,ESSENSALE
KUM480,Landmark IN,Sep 10 2024 10:11 AM,Enlace Quimico
KUM480,Geofence OUT,Sep 10 2024 09:53 AM,Ruta 4 Brenntag Yumbo
KUM480,Geofence OUT,Sep 10 2024 09:47 AM,Br Yumbo Z Parqueo
KUM480,Landmark OUT,Sep 10 2024 09:47 AM,Brenntag Yumbo
KUM480,Ignition ON,Sep 10 2024 09:45 AM,Brenntag Yumbo
KUM480,Geofence IN,Sep 10 2024 09:19 AM,Br Yumbo Z Parqueo
KUM480,Ignition ON,Sep 10 2024 09:18 AM,Brenntag Yumbo
KUM480,Ignition ON,Sep 10 2024 08:41 AM,Brenntag Yumbo
KUM480,Ignition ON,Sep 10 2024 08:33 AM,Brenntag Yumbo
KUM480,Geofence OUT,Sep 10 2024 08:31 AM,ingreso y salida de  brentag 
KUM480,Ignition ON,Sep 10 2024 08:30 AM,Brenntag Yumbo
KUM480,Geofence OUT,Sep 10 2024 08:27 AM,Br Yumbo Z Cargue
KUM480,Geofence IN,Sep 10 2024 08:25 AM,Br Yumbo Z Cargue
KUM480,Ignition ON,Sep 10 2024 08:25 AM,Brenntag Yumbo
KUM480,Geofence OUT,Sep 10 2024 07:38 AM,Br Yumbo Z Parqueo
KUM480,Geofence IN,Sep 10 2024 07:38 AM,ingreso y salida de  brentag 
KUM480,Landmark IN,Sep 10 2024 07:38 AM,Brenntag Yumbo
KUM480,Ignition ON,Sep 10 2024 07:34 AM,Industrias Lember                                 
KUM480,Geofence IN,Sep 10 2024 06:46 AM,Br Yumbo Z Parqueo
KUM480,Landmark OUT,Sep 10 2024 06:46 AM,Reenvases
KUM480,Geofence OUT,Sep 10 2024 06:43 AM,EcoEnvases (reenvases)
KUM480,Landmark IN,Sep 10 2024 06:43 AM,Parmalat Colombia LTDA
KUM480,Ignition ON,Sep 10 2024 06:43 AM,PRODUCTOS DIFFER S.A.S.
KUM480,Geofence IN,Sep 10 2024 06:28 AM,EcoEnvases (reenvases)
KUM480,Ignition ON,Sep 10 2024 06:26 AM,PRODUCTOS DIFFER S.A.S.
KUM480,Geofence OUT,Sep 10 2024 06:18 AM,EcoEnvases (reenvases)
KUM480,Landmark IN,Sep 10 2024 06:18 AM,PRODUCTOS DIFFER S.A.S.
KUM480,Ignition ON,Sep 10 2024 06:16 AM,Reenvases
KUM480,Geofence IN,Sep 10 2024 06:07 AM,EcoEnvases (reenvases)
KUM480,Landmark IN,Sep 10 2024 06:07 AM,Reenvases
KUM480,Landmark IN,Sep 10 2024 06:06 AM,Parmalat Colombia LTDA
KUM480,Landmark OUT,Sep 10 2024 06:02 AM,Quimicol Ltda
KUM480,Landmark IN,Sep 10 2024 06:00 AM,Quimicol Ltda
KUM480,Geofence IN,Sep 10 2024 05:57 AM,Ruta 4 Brenntag Yumbo
KUM480,Landmark OUT,Sep 10 2024 05:49 AM,La Maravilla
KUM480,Landmark OUT,Sep 10 2024 05:47 AM,Taller electrico Comega
KUM480,Landmark IN,Sep 10 2024 05:45 AM,Taller electrico Comega
KUM480,Landmark OUT,Sep 10 2024 05:25 AM,parq. Valle del Lili
KUM480,POWER UP,Sep 10 2024 05:23 AM,parq. Valle del Lili
KUM480,Ignition ON,Sep 10 2024 05:23 AM,parq. Valle del Lili
KUM480,Landmark IN,Sep 09 2024 08:23 PM,parq. Valle del Lili
KUM480,Landmark OUT,Sep 09 2024 07:04 PM,Anillo V Coronado
KUM480,Landmark IN,Sep 09 2024 07:01 PM,Anillo V Coronado
KUM480,Landmark OUT,Sep 09 2024 06:31 PM,BASCULA  EL CERRITO
KUM480,Landmark IN,Sep 09 2024 06:30 PM,BASCULA  EL CERRITO
KUM480,Geofence OUT,Sep 09 2024 06:12 PM,Ruta 5 Brenntag Buga
KUM480,Geofence IN,Sep 09 2024 06:04 PM,Ruta 5 Brenntag Buga
KUM480,Geofence OUT,Sep 09 2024 05:50 PM,PEAJE SAN PEDRO 
KUM480,Landmark OUT,Sep 09 2024 05:50 PM,Peaje Betania
KUM480,Geofence IN,Sep 09 2024 05:48 PM,PEAJE SAN PEDRO 
KUM480,Landmark IN,Sep 09 2024 05:48 PM,Peaje Betania
KUM480,Geofence OUT,Sep 09 2024 05:33 PM,Ruta 5 Brenntag Tulua
KUM480,Geofence IN,Sep 09 2024 05:31 PM,Ruta 5 Brenntag Tulua
KUM480,Geofence OUT,Sep 09 2024 05:19 PM,Ruta 6 Brenntag Bugalagrande
KUM480,Geofence IN,Sep 09 2024 05:17 PM,Ruta 6 Brenntag Bugalagrande
KUM480,Landmark OUT,Sep 09 2024 05:13 PM,Peaje La Uribe al Sur
KUM480,Landmark IN,Sep 09 2024 05:11 PM,Peaje La Uribe al Sur
KUM480,Geofence OUT,Sep 09 2024 05:03 PM,Ruta 7 Brenntag La Paila
KUM480,Ignition ON,Sep 09 2024 05:01 PM,
KUM480,Geofence IN,Sep 09 2024 04:10 PM,Ruta 7 Brenntag La Paila
KUM480,Ignition ON,Sep 09 2024 03:13 PM,
KUM480,Geofence OUT,Sep 09 2024 02:49 PM,PEAJE CERRITOS RISARALDA
KUM480,Landmark OUT,Sep 09 2024 02:49 PM,Terpel Cerritos
KUM480,Geofence IN,Sep 09 2024 02:48 PM,PEAJE CERRITOS RISARALDA
KUM480,Landmark IN,Sep 09 2024 02:48 PM,Terpel Cerritos
KUM480,Landmark OUT,Sep 09 2024 02:19 PM,Resiplas de Colombia
KUM480,Landmark IN,Sep 09 2024 02:15 PM,Resiplas de Colombia
KUM480,Geofence OUT,Sep 09 2024 01:46 PM,PEAJE TARAPACA SENTIDO SUR NORTE
KUM480,Geofence IN,Sep 09 2024 01:45 PM,PEAJE TARAPACA SENTIDO SUR NORTE
KUM480,Landmark OUT,Sep 09 2024 01:25 PM,Parqueadero La Variante de Chinchiná
KUM480,Landmark IN,Sep 09 2024 01:25 PM,Parqueadero La Variante de Chinchiná
KUM480,Geofence OUT,Sep 09 2024 12:49 PM,Ruta 12 Brenntag Manizales
KUM480,Landmark OUT,Sep 09 2024 12:29 PM,FLEXCOL Giraldo R Julia C
KUM480,Landmark IN,Sep 09 2024 12:27 PM,FLEXCOL Giraldo R Julia C
KUM480,Landmark OUT,Sep 09 2024 12:26 PM,FLEXCOL Giraldo R Julia C
KUM480,Ignition ON,Sep 09 2024 12:22 PM,FLEXCOL Giraldo R Julia C
KUM480,Landmark IN,Sep 09 2024 11:33 AM,FLEXCOL Giraldo R Julia C
KUM480,Ignition ON,Sep 09 2024 11:23 AM,
KUM480,Landmark OUT,Sep 09 2024 10:37 AM,lavadero Bosconia
KUM480,Landmark IN,Sep 09 2024 10:36 AM,lavadero Bosconia
KUM480,Landmark OUT,Sep 09 2024 10:32 AM,Parq La Manuela
KUM480,Landmark IN,Sep 09 2024 10:30 AM,Parq La Manuela
KUM480,Landmark OUT,Sep 09 2024 10:20 AM,Parq La Manuela
KUM480,Landmark IN,Sep 09 2024 10:18 AM,Parq La Manuela
KUM480,Geofence IN,Sep 09 2024 10:12 AM,Ruta 12 Brenntag Manizales
KUM480,Landmark OUT,Sep 09 2024 09:22 AM,EDS La Manuela hotel
KUM480,Ignition ON,Sep 09 2024 09:18 AM,EDS La Manuela hotel
KUM480,Landmark IN,Sep 09 2024 08:49 AM,EDS La Manuela hotel
KUM480,Landmark OUT,Sep 09 2024 08:36 AM,Ind Basica Caldas La Manuela
KUM480,Ignition ON,Sep 09 2024 08:31 AM,Stephan Quimica
KUM480,Ignition ON,Sep 09 2024 08:17 AM,Stephan Quimica
KUM480,Ignition ON,Sep 09 2024 08:15 AM,Stephan Quimica
KUM480,Landmark IN,Sep 09 2024 08:13 AM,Ind Basica Caldas La Manuela
KUM480,Ignition ON,Sep 09 2024 08:01 AM,
KUM480,Landmark OUT,Sep 09 2024 05:59 AM,Stephan Quimica
KUM480,Landmark IN,Sep 09 2024 05:56 AM,Stephan Quimica
KUM480,Landmark OUT,Sep 09 2024 04:24 AM,Inversiones Maya
KUM480,Landmark IN,Sep 09 2024 04:22 AM,Inversiones Maya
KUM480,Geofence OUT,Sep 09 2024 02:57 AM,Ruta 7 Brenntag La Paila
KUM480,Geofence IN,Sep 09 2024 02:55 AM,Ruta 7 Brenntag La Paila
KUM480,Geofence OUT,Sep 09 2024 02:47 AM,PEAJE DE LA URIBE
KUM480,Landmark OUT,Sep 09 2024 02:47 AM,Peaje La Uribe al Norte
KUM480,Geofence IN,Sep 09 2024 02:45 AM,PEAJE DE LA URIBE
KUM480,Landmark IN,Sep 09 2024 02:45 AM,Peaje La Uribe al Norte
KUM480,Geofence OUT,Sep 09 2024 02:40 AM,Ruta 6 Brenntag Bugalagrande
KUM480,Geofence IN,Sep 09 2024 02:36 AM,Ruta 6 Brenntag Bugalagrande
KUM480,Geofence OUT,Sep 09 2024 02:26 AM,Ruta 5 Brenntag Tulua
KUM480,Geofence IN,Sep 09 2024 02:23 AM,Ruta 5 Brenntag Tulua
KUM480,Landmark OUT,Sep 09 2024 02:08 AM,Peaje Betania
KUM480,Landmark IN,Sep 09 2024 02:06 AM,Peaje Betania
KUM480,Geofence OUT,Sep 09 2024 02:01 AM,Ruta 5 Brenntag Buga
KUM480,Landmark OUT,Sep 09 2024 01:47 AM,glorieta Buga
KUM480,Geofence IN,Sep 09 2024 01:46 AM,Ruta 5 Brenntag Buga
KUM480,Landmark IN,Sep 09 2024 01:46 AM,glorieta Buga
KUM480,Geofence OUT,Sep 09 2024 01:27 AM,PEAJE EL CERRITO 
KUM480,Geofence IN,Sep 09 2024 01:25 AM,PEAJE EL CERRITO 
KUM480,Landmark OUT,Sep 09 2024 12:40 AM,Cosmeticos Janny S.A.S.
KUM480,Landmark IN,Sep 09 2024 12:38 AM,Cosmeticos Janny S.A.S.
KUM480,POWER UP,Sep 09 2024 12:07 AM,
KUM480,Ignition ON,Sep 09 2024 12:07 AM,
KUM480,Ignition ON,Sep 07 2024 01:51 PM,
KUM480,Landmark OUT,Sep 07 2024 01:14 PM,Alquin Ltda
KUM480,Landmark IN,Sep 07 2024 01:13 PM,Alquin Ltda
KUM480,Landmark OUT,Sep 07 2024 12:54 PM,Parq los Paisas 1
KUM480,Landmark IN,Sep 07 2024 12:53 PM,Parq los Paisas 1
KUM480,Geofence OUT,Sep 07 2024 12:38 PM,Ruta 4 Brenntag Yumbo
KUM480,Geofence OUT,Sep 07 2024 12:33 PM,Br Yumbo Z Parqueo
KUM480,Landmark OUT,Sep 07 2024 12:33 PM,Brenntag Yumbo
KUM480,Geofence IN,Sep 07 2024 12:29 PM,Br Yumbo Z Parqueo
KUM480,Ignition ON,Sep 07 2024 12:29 PM,Brenntag Yumbo
KUM480,Geofence OUT,Sep 07 2024 10:56 AM,ingreso y salida de  brentag 
KUM480,Ignition ON,Sep 07 2024 10:54 AM,Brenntag Yumbo
KUM480,Geofence OUT,Sep 07 2024 10:51 AM,Br Yumbo Z Cargue
KUM480,Ignition ON,Sep 07 2024 10:51 AM,Brenntag Yumbo
KUM480,Geofence IN,Sep 07 2024 10:06 AM,Br Yumbo Z Cargue
KUM480,Geofence IN,Sep 07 2024 10:06 AM,ingreso y salida de  brentag 
KUM480,Landmark IN,Sep 07 2024 10:06 AM,Brenntag Yumbo
KUM480,Geofence IN,Sep 07 2024 09:51 AM,Ruta 4 Brenntag Yumbo
KUM480,Geofence OUT,Sep 07 2024 09:49 AM,Ruta 4 Brenntag Yumbo
KUM480,Ignition ON,Sep 07 2024 09:40 AM,
KUM480,Ignition ON,Sep 07 2024 09:27 AM,
KUM480,Ignition ON,Sep 07 2024 09:22 AM,
KUM480,Landmark OUT,Sep 07 2024 09:19 AM,Alpopular Bodegas
KUM480,Landmark IN,Sep 07 2024 09:16 AM,Alpopular Bodegas
KUM480,Geofence IN,Sep 07 2024 09:16 AM,Ruta 4 Brenntag Yumbo
KUM480,Geofence OUT,Sep 07 2024 09:12 AM,Ruta 4 Brenntag Yumbo
KUM480,Geofence IN,Sep 07 2024 09:05 AM,Ruta 4 Brenntag Yumbo
KUM480,Landmark OUT,Sep 07 2024 08:53 AM,Velasquez Rodas Fabio Velquimicos 
KUM480,Landmark IN,Sep 07 2024 08:51 AM,Velasquez Rodas Fabio Velquimicos 
KUM480,Landmark OUT,Sep 07 2024 08:49 AM,Penagos Luna Diego
KUM480,Landmark IN,Sep 07 2024 08:46 AM,Penagos Luna Diego
KUM480,Ignition ON,Sep 07 2024 08:45 AM,
KUM480,Ignition ON,Sep 07 2024 07:51 AM,
KUM480,Landmark OUT,Sep 07 2024 07:15 AM,parq. Valle del Lili
KUM480,POWER UP,Sep 07 2024 07:10 AM,parq. Valle del Lili
KUM480,Ignition ON,Sep 07 2024 07:10 AM,parq. Valle del Lili
KUM480,Landmark IN,Sep 06 2024 06:59 PM,parq. Valle del Lili
KUM480,Ignition ON,Sep 06 2024 06:16 PM,
KUM480,Landmark OUT,Sep 06 2024 05:23 PM,Alquin Ltda
KUM480,Ignition ON,Sep 06 2024 05:18 PM,Alquin Ltda
KUM480,Landmark IN,Sep 06 2024 05:12 PM,Alquin Ltda
KUM480,Landmark OUT,Sep 06 2024 05:08 PM,Alquin Ltda
KUM480,Landmark IN,Sep 06 2024 05:07 PM,Alquin Ltda
KUM480,Ignition ON,Sep 06 2024 04:32 PM,
KUM480,Ignition ON,Sep 06 2024 04:20 PM,
KUM480,Geofence OUT,Sep 06 2024 03:59 PM,Ruta 4 Brenntag Yumbo
KUM480,Geofence OUT,Sep 06 2024 03:56 PM,Br Yumbo Z Parqueo
KUM480,Landmark OUT,Sep 06 2024 03:56 PM,Brenntag Yumbo
KUM480,Ignition ON,Sep 06 2024 03:52 PM,Brenntag Yumbo
KUM480,Geofence IN,Sep 06 2024 03:28 PM,Br Yumbo Z Parqueo
KUM480,Geofence OUT,Sep 06 2024 03:28 PM,ingreso y salida de  brentag 
KUM480,Ignition ON,Sep 06 2024 03:26 PM,Brenntag Yumbo
KUM480,Landmark OUT,Sep 06 2024 03:22 PM,Brenntag Yumbo
KUM480,Landmark IN,Sep 06 2024 03:22 PM,Brenntag Yumbo
KUM480,Ignition ON,Sep 06 2024 03:22 PM,Brenntag Yumbo
KUM480,Geofence OUT,Sep 06 2024 02:23 PM,Br Yumbo Z Parqueo
KUM480,Geofence IN,Sep 06 2024 02:23 PM,ingreso y salida de  brentag 
KUM480,Landmark IN,Sep 06 2024 02:23 PM,Brenntag Yumbo
KUM480,Ignition ON,Sep 06 2024 02:19 PM,Industrias Lember                                 
KUM480,Geofence OUT,Sep 06 2024 01:45 PM,EcoEnvases (reenvases)
KUM480,Geofence IN,Sep 06 2024 01:45 PM,Br Yumbo Z Parqueo
KUM480,Landmark OUT,Sep 06 2024 01:45 PM,Reenvases
KUM480,Landmark IN,Sep 06 2024 01:42 PM,PRODUCTOS DIFFER S.A.S.
KUM480,Landmark OUT,Sep 06 2024 01:42 PM,PRODUCTOS DIFFER S.A.S.
KUM480,Ignition ON,Sep 06 2024 01:42 PM,PRODUCTOS DIFFER S.A.S.
KUM480,Geofence IN,Sep 06 2024 01:40 PM,EcoEnvases (reenvases)
KUM480,Ignition ON,Sep 06 2024 01:39 PM,Reenvases
KUM480,Ignition ON,Sep 06 2024 01:36 PM,Reenvases
KUM480,Landmark IN,Sep 06 2024 01:33 PM,Reenvases
KUM480,Landmark OUT,Sep 06 2024 01:32 PM,Quimicol Ltda
KUM480,Landmark IN,Sep 06 2024 01:30 PM,Quimicol Ltda
KUM480,Geofence IN,Sep 06 2024 01:28 PM,Ruta 4 Brenntag Yumbo
KUM480,Ignition ON,Sep 06 2024 01:19 PM,
KUM480,Ignition ON,Sep 06 2024 12:49 PM,
KUM480,Ignition ON,Sep 06 2024 12:09 PM,
KUM480,Landmark OUT,Sep 06 2024 11:52 AM,Alquin Ltda
KUM480,Landmark IN,Sep 06 2024 11:50 AM,Alquin Ltda
KUM480,Ignition ON,Sep 06 2024 11:45 AM,
KUM480,Ignition ON,Sep 06 2024 11:29 AM,
KUM480,Ignition ON,Sep 06 2024 11:01 AM,
KUM480,Ignition ON,Sep 06 2024 10:31 AM,
KUM480,Ignition ON,Sep 06 2024 10:07 AM,
KUM480,Ignition ON,Sep 06 2024 09:20 AM,
KUM480,Landmark OUT,Sep 06 2024 09:06 AM,Lometal
KUM480,Landmark IN,Sep 06 2024 09:05 AM,Lometal
KUM480,Ignition ON,Sep 06 2024 09:04 AM,
KUM480,Landmark OUT,Sep 06 2024 08:38 AM,taller Keko
KUM480,Landmark IN,Sep 06 2024 08:32 AM,taller Keko
KUM480,Landmark OUT,Sep 06 2024 08:31 AM,Alexander Chacon
KUM480,Landmark OUT,Sep 06 2024 08:30 AM,Velasquez Rodas Fabio Velquimicos 
KUM480,Landmark IN,Sep 06 2024 08:30 AM,Velasquez Rodas Fabio Velquimicos 
KUM480,Ignition ON,Sep 06 2024 08:18 AM,
KUM480,Geofence OUT,Sep 06 2024 08:01 AM,Ruta 4 Brenntag Yumbo
KUM480,Landmark OUT,Sep 06 2024 07:57 AM,Brenntag Yumbo
KUM480,Geofence OUT,Sep 06 2024 07:50 AM,Br Yumbo Z Cargue
KUM480,Geofence OUT,Sep 06 2024 07:50 AM,ingreso y salida de  brentag 
KUM480,POWER UP,Sep 06 2024 07:49 AM,Brenntag Yumbo
KUM480,Ignition ON,Sep 06 2024 07:49 AM,Brenntag Yumbo
KUM480,Geofence IN,Sep 05 2024 02:18 PM,Br Yumbo Z Cargue
KUM480,Geofence OUT,Sep 05 2024 02:18 PM,Br Yumbo Z Parqueo
KUM480,Geofence IN,Sep 05 2024 02:18 PM,ingreso y salida de  brentag 
KUM480,Ignition ON,Sep 05 2024 02:16 PM,Brenntag Yumbo
KUM480,Geofence OUT,Sep 05 2024 01:41 PM,Br Yumbo Z Cargue
KUM480,Geofence IN,Sep 05 2024 01:41 PM,Br Yumbo Z Parqueo
KUM480,Geofence OUT,Sep 05 2024 01:41 PM,ingreso y salida de  brentag 
KUM480,Ignition ON,Sep 05 2024 01:40 PM,Brenntag Yumbo
KUM480,Geofence IN,Sep 05 2024 01:33 PM,Br Yumbo Z Cargue
KUM480,Ignition ON,Sep 05 2024 01:33 PM,Brenntag Yumbo
KUM480,Ignition ON,Sep 05 2024 11:06 AM,Brenntag Yumbo
KUM480,Geofence IN,Sep 05 2024 11:03 AM,ingreso y salida de  brentag 
KUM480,Geofence OUT,Sep 05 2024 11:01 AM,Br Yumbo Z Parqueo
KUM480,Ignition ON,Sep 05 2024 11:01 AM,Brenntag Yumbo
KUM480,Geofence IN,Sep 05 2024 10:42 AM,Br Yumbo Z Parqueo
KUM480,Landmark IN,Sep 05 2024 10:42 AM,Brenntag Yumbo
KUM480,Landmark OUT,Sep 05 2024 10:38 AM,Quimicol Ltda
KUM480,Landmark IN,Sep 05 2024 10:36 AM,Quimicol Ltda
KUM480,Geofence IN,Sep 05 2024 10:35 AM,Ruta 4 Brenntag Yumbo
KUM480,Landmark OUT,Sep 05 2024 09:54 AM,parq. El Caney
KUM480,Landmark IN,Sep 05 2024 09:51 AM,parq. El Caney
KUM480,POWER UP,Sep 05 2024 09:50 AM,parq. Valle del Lili
KUM480,Ignition ON,Sep 05 2024 09:50 AM,parq. Valle del Lili
KUM480,Landmark IN,Sep 04 2024 03:56 PM,parq. Valle del Lili
KUM480,Landmark OUT,Sep 04 2024 03:26 PM,Cosmeticos Janny S.A.S.
KUM480,Landmark IN,Sep 04 2024 03:25 PM,Cosmeticos Janny S.A.S.
KUM480,Geofence OUT,Sep 04 2024 03:13 PM,Ruta 4 Brenntag Yumbo
KUM480,Geofence OUT,Sep 04 2024 03:09 PM,Br Yumbo Z Parqueo
KUM480,Landmark OUT,Sep 04 2024 03:09 PM,Brenntag Yumbo
KUM480,Ignition ON,Sep 04 2024 03:06 PM,Brenntag Yumbo
KUM480,Geofence IN,Sep 04 2024 02:51 PM,Br Yumbo Z Parqueo
KUM480,Geofence OUT,Sep 04 2024 02:51 PM,ingreso y salida de  brentag 
KUM480,Ignition ON,Sep 04 2024 02:50 PM,Brenntag Yumbo
KUM480,Geofence IN,Sep 04 2024 02:39 PM,ingreso y salida de  brentag 
KUM480,Landmark OUT,Sep 04 2024 02:39 PM,Reenvases
KUM480,Landmark IN,Sep 04 2024 02:34 PM,Parmalat Colombia LTDA
KUM480,Ignition ON,Sep 04 2024 02:33 PM,Reenvases
KUM480,Geofence OUT,Sep 04 2024 02:24 PM,EcoEnvases (reenvases)
KUM480,Ignition ON,Sep 04 2024 02:23 PM,Reenvases
KUM480,Geofence IN,Sep 04 2024 02:22 PM,EcoEnvases (reenvases)
KUM480,Landmark IN,Sep 04 2024 02:22 PM,Reenvases
KUM480,Geofence OUT,Sep 04 2024 02:19 PM,Br Yumbo Z Parqueo
KUM480,Landmark IN,Sep 04 2024 02:19 PM,Parmalat Colombia LTDA
KUM480,Ignition ON,Sep 04 2024 02:16 PM,Brenntag Yumbo
KUM480,Ignition ON,Sep 04 2024 11:59 AM,Brenntag Yumbo
KUM480,Geofence IN,Sep 04 2024 11:03 AM,Br Yumbo Z Parqueo
KUM480,Geofence OUT,Sep 04 2024 11:03 AM,ingreso y salida de  brentag 
KUM480,Ignition ON,Sep 04 2024 11:01 AM,Brenntag Yumbo
KUM480,Geofence OUT,Sep 04 2024 10:32 AM,Br Yumbo Z Cargue
KUM480,Ignition ON,Sep 04 2024 10:31 AM,Brenntag Yumbo
KUM480,Geofence IN,Sep 04 2024 10:30 AM,Br Yumbo Z Cargue
KUM480,Geofence IN,Sep 04 2024 10:30 AM,ingreso y salida de  brentag 
KUM480,Geofence OUT,Sep 04 2024 10:26 AM,Br Yumbo Z Parqueo
KUM480,Ignition ON,Sep 04 2024 10:26 AM,Brenntag Yumbo
KUM480,Ignition ON,Sep 04 2024 09:29 AM,Brenntag Yumbo
KUM480,Geofence OUT,Sep 04 2024 07:24 AM,EcoEnvases (reenvases)
KUM480,Geofence IN,Sep 04 2024 07:24 AM,Br Yumbo Z Parqueo
KUM480,Landmark OUT,Sep 04 2024 07:24 AM,Reenvases
KUM480,Ignition ON,Sep 04 2024 07:22 AM,Reenvases
KUM480,Ignition ON,Sep 04 2024 07:15 AM,Reenvases
KUM480,Geofence IN,Sep 04 2024 07:04 AM,EcoEnvases (reenvases)
KUM480,Landmark IN,Sep 04 2024 07:04 AM,Reenvases
KUM480,Geofence IN,Sep 04 2024 06:58 AM,Ruta 4 Brenntag Yumbo
KUM480,Geofence OUT,Sep 04 2024 06:54 AM,Ruta 4 Brenntag Yumbo
KUM480,Landmark OUT,Sep 04 2024 06:52 AM,Alpopular Bodegas
KUM480,Landmark IN,Sep 04 2024 06:52 AM,Alpopular Bodegas
KUM480,Ignition ON,Sep 04 2024 06:47 AM,
KUM480,Ignition ON,Sep 04 2024 06:39 AM,
KUM480,Landmark OUT,Sep 04 2024 06:12 AM,Alpopular Bodegas
KUM480,Geofence IN,Sep 04 2024 06:10 AM,Ruta 4 Brenntag Yumbo
KUM480,Landmark IN,Sep 04 2024 06:10 AM,Alpopular Bodegas
KUM480,Geofence OUT,Sep 04 2024 06:06 AM,Ruta 4 Brenntag Yumbo
KUM480,Landmark OUT,Sep 04 2024 06:01 AM,Parmalat Colombia LTDA
KUM480,Landmark IN,Sep 04 2024 05:59 AM,Parmalat Colombia LTDA
KUM480,Landmark IN,Sep 04 2024 05:57 AM,parqueadero El  cortijo
KUM480,Landmark IN,Sep 04 2024 05:55 AM,Quimicol Ltda
KUM480,Landmark OUT,Sep 04 2024 05:55 AM,Quimicol Ltda
KUM480,Geofence IN,Sep 04 2024 05:53 AM,Ruta 4 Brenntag Yumbo
KUM480,Landmark OUT,Sep 04 2024 05:44 AM,La Maravilla
KUM480,Landmark IN,Sep 04 2024 05:42 AM,La Maravilla
KUM480,Landmark OUT,Sep 04 2024 05:18 AM,parq. Valle del Lili
KUM480,POWER UP,Sep 04 2024 05:17 AM,parq. Valle del Lili
KUM480,Ignition ON,Sep 04 2024 05:17 AM,parq. Valle del Lili
KUM480,Landmark IN,Sep 03 2024 04:01 PM,parq. Valle del Lili
KUM480,Landmark IN,Sep 03 2024 03:57 PM,parq. Valle del Lili
KUM480,Landmark OUT,Sep 03 2024 03:54 PM,parq. Valle del Lili
KUM480,Landmark OUT,Sep 03 2024 03:37 PM,Papeles del Cauca PDC
KUM480,Landmark IN,Sep 03 2024 03:35 PM,Punto de Prueba 2
KUM480,Ignition ON,Sep 03 2024 03:32 PM,Papeles del Cauca PDC
KUM480,Ignition ON,Sep 03 2024 03:08 PM,Papeles del Cauca PDC
KUM480,Landmark OUT,Sep 03 2024 01:33 PM,Punto de Prueba 2
KUM480,Ignition ON,Sep 03 2024 01:29 PM,Punto de Prueba 2
KUM480,Landmark IN,Sep 03 2024 12:31 PM,Papeles del Cauca PDC
KUM480,Geofence OUT,Sep 03 2024 12:20 PM,Ruta 3 Brenntag Puerto Tejada
KUM480,Geofence IN,Sep 03 2024 12:12 PM,Ruta 3 Brenntag Puerto Tejada
KUM480,Landmark OUT,Sep 03 2024 11:47 AM,Crucero Candelaria Caloto
KUM480,Landmark IN,Sep 03 2024 11:45 AM,Crucero Candelaria Caloto
KUM480,Ignition ON,Sep 03 2024 11:38 AM,
KUM480,Ignition ON,Sep 03 2024 11:29 AM,
KUM480,Ignition ON,Sep 03 2024 11:25 AM,
KUM480,Ignition ON,Sep 03 2024 09:56 AM,
KUM480,Ignition ON,Sep 03 2024 09:44 AM,
KUM480,Ignition ON,Sep 03 2024 09:42 AM,
KUM480,Landmark OUT,Sep 03 2024 09:35 AM,Crucero Candelaria Caloto
KUM480,Landmark IN,Sep 03 2024 09:33 AM,Crucero Candelaria Caloto
KUM480,Geofence OUT,Sep 03 2024 08:47 AM,Ruta 4 Brenntag Yumbo
KUM480,Geofence OUT,Sep 03 2024 08:41 AM,Br Yumbo Z Parqueo
KUM480,Landmark OUT,Sep 03 2024 08:41 AM,Brenntag Yumbo
KUM480,Geofence IN,Sep 03 2024 08:38 AM,Br Yumbo Z Parqueo
KUM480,Ignition ON,Sep 03 2024 08:38 AM,Brenntag Yumbo
KUM480,Geofence OUT,Sep 03 2024 07:59 AM,Br Yumbo Z Cargue
KUM480,Geofence OUT,Sep 03 2024 07:59 AM,ingreso y salida de  brentag 
KUM480,Ignition ON,Sep 03 2024 07:55 AM,Brenntag Yumbo
KUM480,Ignition ON,Sep 03 2024 07:52 AM,Brenntag Yumbo
KUM480,Ignition ON,Sep 03 2024 06:04 AM,Brenntag Yumbo
KUM480,Geofence IN,Sep 03 2024 06:02 AM,Br Yumbo Z Cargue
KUM480,Geofence IN,Sep 03 2024 06:02 AM,ingreso y salida de  brentag 
KUM480,Landmark IN,Sep 03 2024 06:02 AM,Brenntag Yumbo
KUM480,Landmark OUT,Sep 03 2024 05:59 AM,Quimicol Ltda
KUM480,Landmark IN,Sep 03 2024 05:57 AM,Quimicol Ltda
KUM480,Geofence IN,Sep 03 2024 05:55 AM,Ruta 4 Brenntag Yumbo
KUM480,Landmark OUT,Sep 03 2024 05:20 AM,parq. Valle del Lili
KUM480,POWER UP,Sep 03 2024 05:17 AM,parq. Valle del Lili
KUM480,Ignition ON,Sep 03 2024 05:17 AM,parq. Valle del Lili
KUM480,Landmark IN,Sep 02 2024 05:25 PM,parq. Valle del Lili
KUM480,Landmark OUT,Sep 02 2024 04:46 PM,Cosmeticos Janny S.A.S.
KUM480,Landmark IN,Sep 02 2024 04:45 PM,Cosmeticos Janny S.A.S.
KUM480,Geofence OUT,Sep 02 2024 04:27 PM,Ruta 4 Brenntag Yumbo
KUM480,Landmark OUT,Sep 02 2024 04:27 PM,BSN MEDICAL LTDA
KUM480,Landmark IN,Sep 02 2024 04:24 PM,BSN MEDICAL LTDA
KUM480,Geofence OUT,Sep 02 2024 04:20 PM,Br Yumbo Z Parqueo
KUM480,Ignition ON,Sep 02 2024 04:14 PM,
KUM480,Ignition ON,Sep 02 2024 01:36 PM,
KUM480,Geofence IN,Sep 02 2024 01:20 PM,Br Yumbo Z Parqueo
KUM480,Landmark OUT,Sep 02 2024 01:18 PM,Quimicol Ltda
KUM480,Landmark IN,Sep 02 2024 01:16 PM,Quimicol Ltda
KUM480,Ignition ON,Sep 02 2024 01:14 PM,
KUM480,Geofence IN,Sep 02 2024 12:59 PM,Ruta 4 Brenntag Yumbo
KUM480,Ignition ON,Sep 02 2024 12:52 PM,
KUM480,Landmark OUT,Sep 02 2024 12:39 PM,Quesos la Florida S.A.S.
KUM480,Ignition ON,Sep 02 2024 12:33 PM,Quesos la Florida S.A.S.
KUM480,Ignition ON,Sep 02 2024 11:48 AM,Quesos la Florida S.A.S.
KUM480,Ignition ON,Sep 02 2024 11:25 AM,Quesos la Florida S.A.S.
KUM480,Ignition ON,Sep 02 2024 11:06 AM,Quesos la Florida S.A.S.
KUM480,Ignition ON,Sep 02 2024 10:50 AM,Quesos la Florida S.A.S.
KUM480,Landmark IN,Sep 02 2024 10:45 AM,Quesos la Florida S.A.S.
KUM480,Ignition ON,Sep 02 2024 10:43 AM,
KUM480,Geofence OUT,Sep 02 2024 10:25 AM,Ruta 4 Brenntag Yumbo
KUM480,Geofence OUT,Sep 02 2024 10:18 AM,ingreso y salida de  brentag 
KUM480,Landmark OUT,Sep 02 2024 10:18 AM,Brenntag Yumbo
KUM480,Ignition ON,Sep 02 2024 10:14 AM,Brenntag Yumbo
KUM480,Geofence OUT,Sep 02 2024 10:10 AM,Br Yumbo Z Cargue
KUM480,Ignition ON,Sep 02 2024 10:09 AM,Brenntag Yumbo
KUM480,Geofence IN,Sep 02 2024 08:28 AM,Br Yumbo Z Cargue
KUM480,Geofence OUT,Sep 02 2024 08:28 AM,Br Yumbo Z Parqueo
KUM480,Geofence IN,Sep 02 2024 08:28 AM,ingreso y salida de  brentag 
KUM480,Geofence IN,Sep 02 2024 08:26 AM,Br Yumbo Z Parqueo
KUM480,Ignition ON,Sep 02 2024 08:26 AM,Brenntag Yumbo
KUM480,Geofence OUT,Sep 02 2024 08:09 AM,Br Yumbo Z Parqueo
KUM480,Ignition ON,Sep 02 2024 08:02 AM,Brenntag Yumbo
KUM480,Geofence IN,Sep 02 2024 05:58 AM,Br Yumbo Z Parqueo
KUM480,Landmark IN,Sep 02 2024 05:58 AM,Brenntag Yumbo
KUM480,Landmark OUT,Sep 02 2024 05:55 AM,Quimicol Ltda
KUM480,Landmark IN,Sep 02 2024 05:53 AM,Quimicol Ltda
KUM480,Geofence IN,Sep 02 2024 05:51 AM,Ruta 4 Brenntag Yumbo
KUM480,POWER UP,Sep 02 2024 05:14 AM,
KUM480,Ignition ON,Sep 02 2024 05:14 AM,
KUM480,Ignition ON,Sep 01 2024 10:35 AM,
KUM480,Ignition ON,Sep 01 2024 10:00 AM,
KUM480,Geofence OUT,Sep 01 2024 08:47 AM,Ruta 4 Brenntag Yumbo
KUM480,Landmark OUT,Sep 01 2024 08:47 AM,BSN MEDICAL LTDA
KUM480,Landmark OUT,Sep 01 2024 08:45 AM,Quimicol Ltda
KUM480,Landmark IN,Sep 01 2024 08:43 AM,Quimicol Ltda
KUM480,Ignition ON,Sep 01 2024 08:40 AM,
KUM480,POWER UP,Sep 01 2024 07:51 AM,
KUM480,Ignition ON,Sep 01 2024 07:51 AM,
